cnae,descricao,secao,divisao,anexo,fator_r,pode_mei,risco_cgsim,veredito,orgaos_conselho,orgaos_setorial,debativel,confianca,motivos
"0161-0/03","SERVIÇO DE PREPARAÇÃO DE TERRENO, CULTIVO E COLHEITA","A","01","III","nao","sim","nao_listado","verificar-licenciamento","","","","media","fora do baixo-risco-A CGSIM → licença municipal (médio provisório OU alto vistoria; nível é municipal/BH)"
"0162-8/03","SERVIÇO DE MANEJO DE ANIMAIS","A","01","III","nao","nao","nao_listado","verificar-licenciamento","","","","media","fora do baixo-risco-A CGSIM → licença municipal (médio provisório OU alto vistoria; nível é municipal/BH)"
"0322-1/07","ATIVIDADES DE APOIO À AQÜICULTURA EM ÁGUA DOCE","A","03","III","nao","nao","nao_listado","verificar-licenciamento","","","","media","fora do baixo-risco-A CGSIM → licença municipal (médio provisório OU alto vistoria; nível é municipal/BH)"
"1099-6/04","FABRICAÇÃO DE GELO COMUM","C","10","I","nao","sim","baixo_a","liso","","","","alta","baixo-risco-A CGSIM + sem conselho/setorial"
"3250-7/06","SERVIÇOS DE PRÓTESE DENTÁRIA","C","32","III/V","sim","nao","baixo_a","liso","","","","alta","baixo-risco-A CGSIM + sem conselho/setorial"
"3250-7/09","SERVIÇO DE LABORATÓRIO ÓPTICO","C","32","III","nao","nao","nao_listado","verificar-licenciamento","","","","media","fora do baixo-risco-A CGSIM → licença municipal (médio provisório OU alto vistoria; nível é municipal/BH)"
"3312-1/02","MANUTENÇÃO E REPARAÇÃO DE APARELHOS E INSTRUMENTOS DE MEDIDA, TESTE E CONTROLE","C","33","III","nao","nao","baixo_a","liso","","","","alta","baixo-risco-A CGSIM + sem conselho/setorial"
"3312-1/03","MANUTENÇÃO E REPARAÇÃO DE APARELHOS ELETROMÉDICOS E ELETROTERAPÊUTICOS E EQUIPAMENTOS DE IRRADIAÇÃO","C","33","III","nao","nao","nao_listado","verificar-licenciamento","","","","media","fora do baixo-risco-A CGSIM → licença municipal (médio provisório OU alto vistoria; nível é municipal/BH)"
"3312-1/04","MANUTENÇÃO E REPARAÇÃO DE EQUIPAMENTOS E INSTRUMENTOS ÓPTICOS","C","33","III","nao","nao","baixo_a","liso","","","","alta","baixo-risco-A CGSIM + sem conselho/setorial"
"3313-9/01","MANUTENÇÃO E REPARAÇÃO DE GERADORES, TRANSFORMADORES E MOTORES ELÉTRICOS","C","33","III","nao","sim","nao_listado","verificar-licenciamento","","","","media","fora do baixo-risco-A CGSIM → licença municipal (médio provisório OU alto vistoria; nível é municipal/BH)"
"3313-9/02","MANUTENÇÃO E REPARAÇÃO DE BATERIAS E ACUMULADORES ELÉTRICOS, EXCETO PARA VEÍCULOS","C","33","III","nao","sim","baixo_a","liso","","","","alta","baixo-risco-A CGSIM + sem conselho/setorial"
"3313-9/99","MANUTENÇÃO E REPARAÇÃO DE MÁQUINAS, APARELHOS E MATERIAIS ELÉTRICOS NÃO ESPECIFICADOS ANTERIORMENTE","C","33","III","nao","sim","nao_listado","verificar-licenciamento","","","","media","fora do baixo-risco-A CGSIM → licença municipal (médio provisório OU alto vistoria; nível é municipal/BH)"
"3314-7/01","MANUTENÇÃO E REPARAÇÃO DE MÁQUINAS MOTRIZES NÃO ELÉTRICAS","C","33","III","nao","sim","baixo_a","liso","","","","alta","baixo-risco-A CGSIM + sem conselho/setorial"
"3314-7/02","MANUTENÇÃO E REPARAÇÃO DE EQUIPAMENTOS HIDRÁULICOS E PNEUMÁTICOS, EXCETO VÁLVULAS","C","33","III","nao","sim","baixo_a","liso","","","","alta","baixo-risco-A CGSIM + sem conselho/setorial"
"3314-7/03","MANUTENÇÃO E REPARAÇÃO DE VÁLVULAS INDUSTRIAIS","C","33","III","nao","nao","baixo_a","liso","","","","alta","baixo-risco-A CGSIM + sem conselho/setorial"
"3314-7/04","MANUTENÇÃO E REPARAÇÃO DE COMPRESSORES","C","33","III","nao","nao","nao_listado","verificar-licenciamento","","","","media","fora do baixo-risco-A CGSIM → licença municipal (médio provisório OU alto vistoria; nível é municipal/BH)"
"3314-7/05","MANUTENÇÃO E REPARAÇÃO DE EQUIPAMENTOS DE TRANSMISSÃO PARA FINS INDUSTRIAIS","C","33","III","nao","nao","nao_listado","verificar-licenciamento","","","","media","fora do baixo-risco-A CGSIM → licença municipal (médio provisório OU alto vistoria; nível é municipal/BH)"
"3314-7/06","MANUTENÇÃO E REPARAÇÃO DE MÁQUINAS, APARELHOS E EQUIPAMENTOS PARA INSTALAÇÕES TÉRMICAS","C","33","III","nao","sim","baixo_a","liso","","","","alta","baixo-risco-A CGSIM + sem conselho/setorial"
"3314-7/07","MANUTENÇÃO E REPARAÇÃO DE MÁQUINAS E APARELHOS DE REFRIGERAÇÃO E VENTILAÇÃO PARA USO INDUSTRIAL E COMERCIAL","C","33","III","nao","sim","baixo_a","liso","","","","alta","baixo-risco-A CGSIM + sem conselho/setorial"
"3314-7/08","MANUTENÇÃO E REPARAÇÃO DE MÁQUINAS, EQUIPAMENTOS E APARELHOS PARA TRANSPORTE E ELEVAÇÃO DE CARGAS","C","33","III","nao","nao","nao_listado","verificar-licenciamento","","","","media","fora do baixo-risco-A CGSIM → licença municipal (médio provisório OU alto vistoria; nível é municipal/BH)"
"3314-7/09","MANUTENÇÃO E REPARAÇÃO DE MÁQUINAS DE ESCREVER, CALCULAR E DE OUTROS EQUIPAMENTOS NÃO ELETRÔNICOS PARA ESCRITÓRIO","C","33","III","nao","sim","baixo_a","liso","","","","alta","baixo-risco-A CGSIM + sem conselho/setorial"
"3314-7/10","MANUTENÇÃO E REPARAÇÃO DE MÁQUINAS E EQUIPAMENTOS PARA USO GERAL NÃO ESPECIFICADOS ANTERIORMENTE","C","33","III","nao","sim","nao_listado","verificar-licenciamento","","","","media","fora do baixo-risco-A CGSIM → licença municipal (médio provisório OU alto vistoria; nível é municipal/BH)"
"3314-7/11","MANUTENÇÃO E REPARAÇÃO DE MÁQUINAS E EQUIPAMENTOS PARA AGRICULTURA E PECUÁRIA","C","33","III","nao","sim","nao_listado","verificar-licenciamento","","","","media","fora do baixo-risco-A CGSIM → licença municipal (médio provisório OU alto vistoria; nível é municipal/BH)"
"3314-7/12","MANUTENÇÃO E REPARAÇÃO DE TRATORES AGRÍCOLAS","C","33","III","nao","sim","baixo_a","liso","","","","alta","baixo-risco-A CGSIM + sem conselho/setorial"
"3314-7/13","MANUTENÇÃO E REPARAÇÃO DE MÁQUINAS FERRAMENTA","C","33","III","nao","nao","baixo_a","liso","","","","alta","baixo-risco-A CGSIM + sem conselho/setorial"
"3314-7/14","MANUTENÇÃO E REPARAÇÃO DE MÁQUINAS E EQUIPAMENTOS PARA A PROSPECÇÃO E EXTRAÇÃO DE PETRÓLEO","C","33","III","nao","nao","nao_listado","verificar-licenciamento","","","","media","fora do baixo-risco-A CGSIM → licença municipal (médio provisório OU alto vistoria; nível é municipal/BH)"
"3314-7/15","MANUTENÇÃO E REPARAÇÃO DE MÁQUINAS E EQUIPAMENTOS PARA USO NA EXTRAÇÃO MINERAL, EXCETO NA EXTRAÇÃO DE PETRÓLEO","C","33","III","nao","nao","nao_listado","verificar-licenciamento","","","","media","fora do baixo-risco-A CGSIM → licença municipal (médio provisório OU alto vistoria; nível é municipal/BH)"
"3314-7/16","MANUTENÇÃO E REPARAÇÃO DE TRATORES, EXCETO AGRÍCOLAS","C","33","III","nao","nao","nao_listado","verificar-licenciamento","","","","media","fora do baixo-risco-A CGSIM → licença municipal (médio provisório OU alto vistoria; nível é municipal/BH)"
"3314-7/17","MANUTENÇÃO E REPARAÇÃO DE MÁQUINAS E EQUIPAMENTOS DE TERRAPLENAGEM, PAVIMENTAÇÃO E CONSTRUÇÃO, EXCETO TRATORES","C","33","III","nao","nao","nao_listado","verificar-licenciamento","","","","media","fora do baixo-risco-A CGSIM → licença municipal (médio provisório OU alto vistoria; nível é municipal/BH)"
"3314-7/18","MANUTENÇÃO E REPARAÇÃO DE MÁQUINAS PARA A INDÚSTRIA METALÚRGICA, EXCETO MÁQUINAS FERRAMENTA","C","33","III","nao","nao","nao_listado","verificar-licenciamento","","","","media","fora do baixo-risco-A CGSIM → licença municipal (médio provisório OU alto vistoria; nível é municipal/BH)"
"3314-7/19","MANUTENÇÃO E REPARAÇÃO DE MÁQUINAS E EQUIPAMENTOS PARA AS INDÚSTRIAS DE ALIMENTOS, BEBIDAS E FUMO","C","33","III","nao","sim","nao_listado","verificar-licenciamento","","","","media","fora do baixo-risco-A CGSIM → licença municipal (médio provisório OU alto vistoria; nível é municipal/BH)"
"3314-7/20","MANUTENÇÃO E REPARAÇÃO DE MÁQUINAS E EQUIPAMENTOS PARA A INDÚSTRIA TÊXTIL, DO VESTUÁRIO, DO COURO E CALÇADOS","C","33","III","nao","sim","nao_listado","verificar-licenciamento","","","","media","fora do baixo-risco-A CGSIM → licença municipal (médio provisório OU alto vistoria; nível é municipal/BH)"
"3314-7/21","MANUTENÇÃO E REPARAÇÃO DE MÁQUINAS E APARELHOS PARA A INDÚSTRIA DE CELULOSE, PAPEL E PAPELÃO E ARTEFATOS","C","33","III","nao","nao","nao_listado","verificar-licenciamento","","","","media","fora do baixo-risco-A CGSIM → licença municipal (médio provisório OU alto vistoria; nível é municipal/BH)"
"3314-7/22","MANUTENÇÃO E REPARAÇÃO DE MÁQUINAS E APARELHOS PARA A INDÚSTRIA DO PLÁSTICO","C","33","III","nao","nao","nao_listado","verificar-licenciamento","","","","media","fora do baixo-risco-A CGSIM → licença municipal (médio provisório OU alto vistoria; nível é municipal/BH)"
"3314-7/99","MANUTENÇÃO E REPARAÇÃO DE OUTRAS MÁQUINAS E EQUIPAMENTOS PARA USOS INDUSTRIAIS NÃO ESPECIFICADOS ANTERIORMENTE","C","33","III","nao","sim","nao_listado","verificar-licenciamento","","","","media","fora do baixo-risco-A CGSIM → licença municipal (médio provisório OU alto vistoria; nível é municipal/BH)"
"3315-5/00","MANUTENÇÃO E REPARAÇÃO DE VEÍCULOS FERROVIÁRIOS","C","33","III","nao","nao","nao_listado","verificar-licenciamento","","","","media","fora do baixo-risco-A CGSIM → licença municipal (médio provisório OU alto vistoria; nível é municipal/BH)"
"3316-3/01","MANUTENÇÃO E REPARAÇÃO DE AERONAVES, EXCETO A MANUTENÇÃO NA PISTA","C","33","III","nao","nao","nao_listado","verificar-licenciamento","","","","media","fora do baixo-risco-A CGSIM → licença municipal (médio provisório OU alto vistoria; nível é municipal/BH)"
"3316-3/02","MANUTENÇÃO DE AERONAVES NA PISTA","C","33","III","nao","nao","nao_listado","verificar-licenciamento","","","","media","fora do baixo-risco-A CGSIM → licença municipal (médio provisório OU alto vistoria; nível é municipal/BH)"
"3317-1/01","MANUTENÇÃO E REPARAÇÃO DE EMBARCAÇÕES E ESTRUTURAS FLUTUANTES","C","33","III","nao","nao","nao_listado","verificar-licenciamento","","","","media","fora do baixo-risco-A CGSIM → licença municipal (médio provisório OU alto vistoria; nível é municipal/BH)"
"3317-1/02","MANUTENÇÃO E REPARAÇÃO DE EMBARCAÇÕES PARA ESPORTE E LAZER","C","33","III","nao","sim","nao_listado","verificar-licenciamento","","","","media","fora do baixo-risco-A CGSIM → licença municipal (médio provisório OU alto vistoria; nível é municipal/BH)"
"3319-8/00","MANUTENÇÃO E REPARAÇÃO DE EQUIPAMENTOS E PRODUTOS NÃO ESPECIFICADOS ANTERIORMENTE","C","33","III","nao","sim","nao_listado","verificar-licenciamento","","","","media","fora do baixo-risco-A CGSIM → licença municipal (médio provisório OU alto vistoria; nível é municipal/BH)"
"3321-0/00","INSTALAÇÃO DE MÁQUINAS E EQUIPAMENTOS INDUSTRIAIS","C","33","III","nao","sim","nao_listado","verificar-licenciamento","","","","media","fora do baixo-risco-A CGSIM → licença municipal (médio provisório OU alto vistoria; nível é municipal/BH)"
"4211-1/02","PINTURA PARA SINALIZAÇÃO EM PISTAS RODOVIÁRIAS E AEROPORTOS","F","42","III","nao","nao","nao_listado","verificar-licenciamento","","","","media","fora do baixo-risco-A CGSIM → licença municipal (médio provisório OU alto vistoria; nível é municipal/BH)"
"4221-9/03","MANUTENÇÃO DE REDES DE DISTRIBUIÇÃO DE ENERGIA ELÉTRICA","F","42","III/IV","nao","nao","nao_listado","verificar-licenciamento","","","","media","fora do baixo-risco-A CGSIM → licença municipal (médio provisório OU alto vistoria; nível é municipal/BH)"
"4221-9/05","MANUTENÇÃO DE ESTAÇÕES E REDES DE TELECOMUNICAÇÕES","F","42","III/IV","nao","nao","nao_listado","verificar-licenciamento","","","","media","fora do baixo-risco-A CGSIM → licença municipal (médio provisório OU alto vistoria; nível é municipal/BH)"
"4313-4/00","OBRAS DE TERRAPLENAGEM","F","43","III/IV","nao","nao","nao_listado","verificar-licenciamento","","","","media","fora do baixo-risco-A CGSIM → licença municipal (médio provisório OU alto vistoria; nível é municipal/BH)"
"4321-5/00","INSTALAÇÃO E MANUTENÇÃO ELÉTRICA","F","43","III/IV","nao","sim","nao_listado","verificar-licenciamento","","","","media","fora do baixo-risco-A CGSIM → licença municipal (médio provisório OU alto vistoria; nível é municipal/BH)"
"4322-3/01","INSTALAÇÕES HIDRÁULICAS, SANITÁRIAS E DE GÁS","F","43","III/IV","nao","sim","nao_listado","verificar-licenciamento","","","","media","fora do baixo-risco-A CGSIM → licença municipal (médio provisório OU alto vistoria; nível é municipal/BH)"
"4322-3/02","INSTALAÇÃO E MANUTENÇÃO DE SISTEMAS CENTRAIS DE AR CONDICIONADO, DE VENTILAÇÃO E REFRIGERAÇÃO","F","43","III/IV","nao","sim","nao_listado","verificar-licenciamento","","","","media","fora do baixo-risco-A CGSIM → licença municipal (médio provisório OU alto vistoria; nível é municipal/BH)"
"4322-3/03","INSTALAÇÕES DE SISTEMA DE PREVENÇÃO CONTRA INCÊNDIO","F","43","III/IV","nao","sim","nao_listado","verificar-licenciamento","","","","media","fora do baixo-risco-A CGSIM → licença municipal (médio provisório OU alto vistoria; nível é municipal/BH)"
"4329-1/01","INSTALAÇÃO DE PAINÉIS PUBLICITÁRIOS","F","43","III","nao","sim","nao_listado","verificar-licenciamento","","","","media","fora do baixo-risco-A CGSIM → licença municipal (médio provisório OU alto vistoria; nível é municipal/BH)"
"4329-1/02","INSTALAÇÃO DE EQUIPAMENTOS PARA ORIENTAÇÃO À NAVEGAÇÃO MARÍTIMA FLUVIAL E LACUSTRE","F","43","III","nao","sim","nao_listado","verificar-licenciamento","","","","media","fora do baixo-risco-A CGSIM → licença municipal (médio provisório OU alto vistoria; nível é municipal/BH)"
"4329-1/03","INSTALAÇÃO, MANUTENÇÃO E REPARAÇÃO DE ELEVADORES, ESCADAS E ESTEIRAS ROLANTES","F","43","III/IV","nao","sim","nao_listado","verificar-licenciamento","","","","media","fora do baixo-risco-A CGSIM → licença municipal (médio provisório OU alto vistoria; nível é municipal/BH)"
"4329-1/04","MONTAGEM E INSTALAÇÃO DE SISTEMAS E EQUIPAMENTOS DE ILUMINAÇÃO E SINALIZAÇÃO EM VIAS PÚBLICAS, PORTOS E AEROPORTOS","F","43","III","nao","sim","nao_listado","verificar-licenciamento","","","","media","fora do baixo-risco-A CGSIM → licença municipal (médio provisório OU alto vistoria; nível é municipal/BH)"
"4329-1/05","TRATAMENTOS TÉRMICOS, ACÚSTICOS OU DE VIBRAÇÃO","F","43","III/IV","nao","sim","nao_listado","verificar-licenciamento","","","","media","fora do baixo-risco-A CGSIM → licença municipal (médio provisório OU alto vistoria; nível é municipal/BH)"
"4399-1/01","ADMINISTRAÇÃO DE OBRAS","F","43","III/V","sim","nao","nao_listado","verificar-licenciamento","","","","media","fora do baixo-risco-A CGSIM → licença municipal (médio provisório OU alto vistoria; nível é municipal/BH)"
"4399-1/02","MONTAGEM E DESMONTAGEM DE ANDAIMES E OUTRAS ESTRUTURAS TEMPORÁRIAS","F","43","III","nao","nao","nao_listado","verificar-licenciamento","","","","media","fora do baixo-risco-A CGSIM → licença municipal (médio provisório OU alto vistoria; nível é municipal/BH)"
"4511-1/01","COMÉRCIO A VAREJO DE AUTOMÓVEIS, CAMIONETAS E UTILITÁRIOS NOVOS","G","45","I","nao","nao","nao_listado","verificar-licenciamento","","","","media","fora do baixo-risco-A CGSIM → licença municipal (médio provisório OU alto vistoria; nível é municipal/BH)"
"4512-9/01","REPRESENTANTES COMERCIAIS E AGENTES DO COMÉRCIO DE VEÍCULOS AUTOMOTORES","G","45","III/V","sim","nao","baixo_a","tato-registro","CORE (representação comercial)","","","media-alta","conselho: CORE (representação comercial)"
"4520-0/01","SERVIÇOS DE MANUTENÇÃO E REPARAÇÃO MECÂNICA DE VEÍCULOS AUTOMOTORES","G","45","III","nao","sim","baixo_a","liso","","","","alta","baixo-risco-A CGSIM + sem conselho/setorial"
"4520-0/02","SERVIÇOS DE LANTERNAGEM OU FUNILARIA E PINTURA DE VEÍCULOS AUTOMOTORES","G","45","III","nao","sim","baixo_a","liso","","","","alta","baixo-risco-A CGSIM + sem conselho/setorial"
"4520-0/03","SERVIÇOS DE MANUTENÇÃO E REPARAÇÃO ELÉTRICA DE VEÍCULOS AUTOMOTORES","G","45","III","nao","sim","baixo_a","liso","","","","alta","baixo-risco-A CGSIM + sem conselho/setorial"
"4520-0/04","SERVIÇOS DE ALINHAMENTO E BALANCEAMENTO DE VEÍCULOS AUTOMOTORES","G","45","III","nao","nao","baixo_a","liso","","","","alta","baixo-risco-A CGSIM + sem conselho/setorial"
"4520-0/05","SERVIÇOS DE LAVAGEM, LUBRIFICAÇÃO E POLIMENTO DE VEÍCULOS AUTOMOTORES","G","45","III/IV","nao","sim","baixo_a","liso","","","","alta","baixo-risco-A CGSIM + sem conselho/setorial"
"4520-0/06","SERVIÇOS DE BORRACHARIA PARA VEÍCULOS AUTOMOTORES","G","45","III","nao","sim","baixo_a","liso","","","","alta","baixo-risco-A CGSIM + sem conselho/setorial"
"4520-0/07","SERVIÇOS DE INSTALAÇÃO, MANUTENÇÃO E REPARAÇÃO DE ACESSÓRIOS PARA VEÍCULOS AUTOMOTORES","G","45","III","nao","sim","baixo_a","liso","","","","alta","baixo-risco-A CGSIM + sem conselho/setorial"
"4520-0/08","SERVIÇOS DE CAPOTARIA","G","45","III","nao","sim","baixo_a","liso","","","","alta","baixo-risco-A CGSIM + sem conselho/setorial"
"4530-7/03","COMÉRCIO A VAREJO DE PEÇAS E ACESSÓRIOS NOVOS PARA VEÍCULOS AUTOMOTORES","G","45","I","nao","sim","baixo_a","liso","","","","alta","baixo-risco-A CGSIM + sem conselho/setorial"
"4530-7/04","COMÉRCIO A VAREJO DE PEÇAS E ACESSÓRIOS USADOS PARA VEÍCULOS AUTOMOTORES","G","45","I","nao","sim","baixo_a","liso","","","","alta","baixo-risco-A CGSIM + sem conselho/setorial"
"4530-7/05","COMÉRCIO A VAREJO DE PNEUMÁTICOS E CÂMARAS DE AR","G","45","I","nao","sim","baixo_a","liso","","","","alta","baixo-risco-A CGSIM + sem conselho/setorial"
"4530-7/06","REPRESENTANTES COMERCIAIS E AGENTES DO COMÉRCIO DE PEÇAS E ACESSÓRIOS NOVOS E USADOS PARA VEÍCULOS AUTOMOTORES","G","45","III/V","sim","nao","baixo_a","tato-registro","CORE (representação comercial)","","","media-alta","conselho: CORE (representação comercial)"
"4541-2/03","COMÉRCIO A VAREJO DE MOTOCICLETAS E MOTONETAS NOVAS","G","45","I","nao","nao","nao_listado","verificar-licenciamento","","","","media","fora do baixo-risco-A CGSIM → licença municipal (médio provisório OU alto vistoria; nível é municipal/BH)"
"4541-2/04","COMÉRCIO A VAREJO DE MOTOCICLETAS E MOTONETAS USADAS","G","45","I/III/V","sim","nao","nao_listado","verificar-licenciamento","","","","media","fora do baixo-risco-A CGSIM → licença municipal (médio provisório OU alto vistoria; nível é municipal/BH)"
"4541-2/06","COMÉRCIO A VAREJO DE PEÇAS E ACESSÓRIOS NOVOS PARA MOTOCICLETAS E MOTONETAS","G","45","I","nao","sim","baixo_a","liso","","","","alta","baixo-risco-A CGSIM + sem conselho/setorial"
"4541-2/07","COMÉRCIO A VAREJO DE PEÇAS E ACESSÓRIOS USADOS PARA MOTOCICLETAS E MOTONETAS","G","45","I","nao","sim","baixo_a","liso","","","","alta","baixo-risco-A CGSIM + sem conselho/setorial"
"4542-1/01","REPRESENTANTES COMERCIAIS E AGENTES DO COMÉRCIO DE MOTOCICLETAS E MOTONETAS, PEÇAS E ACESSÓRIOS","G","45","III/V","sim","nao","baixo_a","tato-registro","CORE (representação comercial)","","","media-alta","conselho: CORE (representação comercial)"
"4543-9/00","MANUTENÇÃO E REPARAÇÃO DE MOTOCICLETAS E MOTONETAS","G","45","III","nao","sim","baixo_a","liso","","","","alta","baixo-risco-A CGSIM + sem conselho/setorial"
"4611-7/00","REPRESENTANTES COMERCIAIS E AGENTES DO COMÉRCIO DE MATÉRIAS PRIMAS AGRÍCOLAS E ANIMAIS VIVOS","G","46","III/V","sim","nao","baixo_a","tato-registro","CORE (representação comercial)","","","media-alta","conselho: CORE (representação comercial)"
"4612-5/00","REPRESENTANTES COMERCIAIS E AGENTES DO COMÉRCIO DE COMBUSTÍVEIS, MINERAIS, PRODUTOS SIDERÚRGICOS E QUÍMICOS","G","46","III/V","sim","nao","baixo_a","tato-registro","CORE (representação comercial)","","","media-alta","conselho: CORE (representação comercial)"
"4613-3/00","REPRESENTANTES COMERCIAIS E AGENTES DO COMÉRCIO DE MADEIRA, MATERIAL DE CONSTRUÇÃO E FERRAGENS","G","46","III/V","sim","nao","baixo_a","tato-registro","CORE (representação comercial)","","","media-alta","conselho: CORE (representação comercial)"
"4614-1/00","REPRESENTANTES COMERCIAIS E AGENTES DO COMÉRCIO DE MÁQUINAS, EQUIPAMENTOS, EMBARCAÇÕES E AERONAVES","G","46","III/V","sim","nao","baixo_a","tato-registro","CORE (representação comercial)","","","media-alta","conselho: CORE (representação comercial)"
"4615-0/00","REPRESENTANTES COMERCIAIS E AGENTES DO COMÉRCIO DE ELETRODOMÉSTICOS, MÓVEIS E ARTIGOS DE USO DOMÉSTICO","G","46","III/V","sim","nao","baixo_a","tato-registro","CORE (representação comercial)","","","media-alta","conselho: CORE (representação comercial)"
"4616-8/00","REPRESENTANTES COMERCIAIS E AGENTES DO COMÉRCIO DE TÊXTEIS, VESTUÁRIO, CALÇADOS E ARTIGOS DE VIAGEM","G","46","III/V","sim","nao","baixo_a","tato-registro","CORE (representação comercial)","","","media-alta","conselho: CORE (representação comercial)"
"4617-6/00","REPRESENTANTES COMERCIAIS E AGENTES DO COMÉRCIO DE PRODUTOS ALIMENTÍCIOS, BEBIDAS E FUMO","G","46","III/V","sim","nao","baixo_a","tato-registro","CORE (representação comercial)","","","media-alta","conselho: CORE (representação comercial)"
"4618-4/01","REPRESENTANTES COMERCIAIS E AGENTES DO COMÉRCIO DE MEDICAMENTOS, COSMÉTICOS E PRODUTOS DE PERFUMARIA","G","46","III/V","sim","nao","baixo_a","tato-registro","CORE (representação comercial)","","","media-alta","conselho: CORE (representação comercial)"
"4618-4/02","REPRESENTANTES COMERCIAIS E AGENTES DO COMÉRCIO DE INSTRUMENTOS E MATERIAIS ODONTO MÉDICO HOSPITALARES","G","46","III/V","sim","nao","baixo_a","tato-registro","CORE (representação comercial)","","","media-alta","conselho: CORE (representação comercial)"
"4618-4/03","REPRESENTANTES COMERCIAIS E AGENTES DO COMÉRCIO DE JORNAIS, REVISTAS E OUTRAS PUBLICAÇÕES","G","46","III/V","sim","nao","baixo_a","tato-registro","CORE (representação comercial)","","","media-alta","conselho: CORE (representação comercial)"
"4618-4/99","OUTROS REPRESENTANTES COMERCIAIS E AGENTES DO COMÉRCIO ESPECIALIZADO EM PRODUTOS NÃO ESPECIFICADOS ANTERIORMENTE","G","46","III/V","sim","nao","baixo_a","tato-registro","CORE (representação comercial)","","","media-alta","conselho: CORE (representação comercial)"
"4619-2/00","REPRESENTANTES COMERCIAIS E AGENTES DO COMÉRCIO DE MERCADORIAS EM GERAL NÃO ESPECIALIZADO","G","46","III/V","sim","nao","baixo_a","tato-registro","CORE (representação comercial)","","","media-alta","conselho: CORE (representação comercial)"
"4711-3/01","COMÉRCIO VAREJISTA DE MERCADORIAS EM GERAL, COM PREDOMINÂNCIA DE PRODUTOS ALIMENTÍCIOS   HIPERMERCADOS","G","47","I","nao","nao","nao_listado","verificar-licenciamento","","","","media","fora do baixo-risco-A CGSIM → licença municipal (médio provisório OU alto vistoria; nível é municipal/BH)"
"4711-3/02","COMÉRCIO VAREJISTA DE MERCADORIAS EM GERAL, COM PREDOMINÂNCIA DE PRODUTOS ALIMENTÍCIOS - SUPERMERCADOS","G","47","I","nao","nao","nao_listado","verificar-licenciamento","","","","media","fora do baixo-risco-A CGSIM → licença municipal (médio provisório OU alto vistoria; nível é municipal/BH)"
"4712-1/00","COMÉRCIO VAREJISTA DE MERCADORIAS EM GERAL, COM PREDOMINÂNCIA DE PRODUTOS ALIMENTÍCIOS - MINIMERCADOS, MERCEARIAS E ARMAZÉNS","G","47","I","nao","sim","baixo_a","liso","","","","alta","baixo-risco-A CGSIM + sem conselho/setorial"
"4713-0/02","LOJAS DE VARIEDADES, EXCETO LOJAS DE DEPARTAMENTOS OU MAGAZINES","G","47","I","nao","sim","baixo_a","liso","","","","alta","baixo-risco-A CGSIM + sem conselho/setorial"
"4713-0/04","LOJAS DE DEPARTAMENTOS OU MAGAZINES, EXCETO LOJAS FRANCAS (DUTY FREE)","G","47","I","nao","nao","nao_listado","verificar-licenciamento","","","","media","fora do baixo-risco-A CGSIM → licença municipal (médio provisório OU alto vistoria; nível é municipal/BH)"
"4721-1/02","PADARIA E CONFEITARIA COM PREDOMINÂNCIA DE REVENDA","G","47","I","nao","sim","baixo_a","liso","","","","alta","baixo-risco-A CGSIM + sem conselho/setorial"
"4721-1/03","COMÉRCIO VAREJISTA DE LATICÍNIOS E FRIOS","G","47","I","nao","sim","nao_listado","verificar-licenciamento","","","","media","fora do baixo-risco-A CGSIM → licença municipal (médio provisório OU alto vistoria; nível é municipal/BH)"
"4721-1/04","COMÉRCIO VAREJISTA DE DOCES, BALAS, BOMBONS E SEMELHANTES","G","47","I","nao","sim","baixo_a","liso","","","","alta","baixo-risco-A CGSIM + sem conselho/setorial"
"4722-9/02","PEIXARIA","G","47","I","nao","sim","nao_listado","verificar-licenciamento","","","","media","fora do baixo-risco-A CGSIM → licença municipal (médio provisório OU alto vistoria; nível é municipal/BH)"
"4723-7/00","COMÉRCIO VAREJISTA DE BEBIDAS","G","47","I","nao","sim","baixo_a","liso","","","","alta","baixo-risco-A CGSIM + sem conselho/setorial"
"4724-5/00","COMÉRCIO VAREJISTA DE HORTIFRUTIGRANJEIROS","G","47","I","nao","sim","nao_listado","verificar-licenciamento","","","","media","fora do baixo-risco-A CGSIM → licença municipal (médio provisório OU alto vistoria; nível é municipal/BH)"
"4729-6/01","TABACARIA","G","47","I","nao","sim","nao_listado","verificar-licenciamento","","","","media","fora do baixo-risco-A CGSIM → licença municipal (médio provisório OU alto vistoria; nível é municipal/BH)"
"4729-6/02","COMÉRCIO VAREJISTA DE MERCADORIAS EM LOJAS DE CONVENIÊNCIA","G","47","I","nao","nao","baixo_a","liso","","","","alta","baixo-risco-A CGSIM + sem conselho/setorial"
"4729-6/99","COMÉRCIO VAREJISTA DE PRODUTOS ALIMENTÍCIOS EM GERAL OU ESPECIALIZADO EM PRODUTOS ALIMENTÍCIOS NÃO ESPECIFICADOS ANTERIORMENTE","G","47","I","nao","sim","baixo_a","liso","","","","alta","baixo-risco-A CGSIM + sem conselho/setorial"
"4741-5/00","COMÉRCIO VAREJISTA DE TINTAS E MATERIAIS PARA PINTURA","G","47","I","nao","sim","baixo_a","liso","","","","alta","baixo-risco-A CGSIM + sem conselho/setorial"
"4742-3/00","COMÉRCIO VAREJISTA DE MATERIAL ELÉTRICO","G","47","I","nao","sim","baixo_a","liso","","","","alta","baixo-risco-A CGSIM + sem conselho/setorial"
"4743-1/00","COMÉRCIO VAREJISTA DE VIDROS","G","47","I","nao","sim","baixo_a","liso","","","","alta","baixo-risco-A CGSIM + sem conselho/setorial"
"4744-0/01","COMÉRCIO VAREJISTA DE FERRAGENS E FERRAMENTAS","G","47","I","nao","sim","baixo_a","liso","","","","alta","baixo-risco-A CGSIM + sem conselho/setorial"
"4744-0/02","COMÉRCIO VAREJISTA DE MADEIRA E ARTEFATOS","G","47","I","nao","sim","nao_listado","verificar-licenciamento","","","","media","fora do baixo-risco-A CGSIM → licença municipal (médio provisório OU alto vistoria; nível é municipal/BH)"
"4744-0/03","COMÉRCIO VAREJISTA DE MATERIAIS HIDRÁULICOS","G","47","I","nao","sim","baixo_a","liso","","","","alta","baixo-risco-A CGSIM + sem conselho/setorial"
"4744-0/04","COMÉRCIO VAREJISTA DE CAL, AREIA, PEDRA BRITADA, TIJOLOS E TELHAS","G","47","I","nao","sim","nao_listado","verificar-licenciamento","","","","media","fora do baixo-risco-A CGSIM → licença municipal (médio provisório OU alto vistoria; nível é municipal/BH)"
"4744-0/05","COMÉRCIO VAREJISTA DE MATERIAIS DE CONSTRUÇÃO NÃO ESPECIFICADOS ANTERIORMENTE","G","47","I","nao","nao","nao_listado","verificar-licenciamento","","","","media","fora do baixo-risco-A CGSIM → licença municipal (médio provisório OU alto vistoria; nível é municipal/BH)"
"4744-0/06","COMÉRCIO VAREJISTA DE PEDRAS PARA REVESTIMENTO","G","47","I","nao","nao","baixo_a","liso","","","","alta","baixo-risco-A CGSIM + sem conselho/setorial"
"4744-0/99","COMÉRCIO VAREJISTA DE MATERIAIS DE CONSTRUÇÃO EM GERAL","G","47","I","nao","sim","baixo_a","liso","","","","alta","baixo-risco-A CGSIM + sem conselho/setorial"
"4751-2/01","COMÉRCIO VAREJISTA ESPECIALIZADO DE EQUIPAMENTOS E SUPRIMENTOS DE INFORMÁTICA","G","47","I","nao","sim","baixo_a","liso","","","","alta","baixo-risco-A CGSIM + sem conselho/setorial"
"4751-2/02","RECARGA DE CARTUCHOS PARA EQUIPAMENTOS DE INFORMÁTICA","G","47","I","nao","sim","baixo_a","liso","","","","alta","baixo-risco-A CGSIM + sem conselho/setorial"
"4752-1/00","COMÉRCIO VAREJISTA ESPECIALIZADO DE EQUIPAMENTOS DE TELEFONIA E COMUNICAÇÃO","G","47","I","nao","sim","baixo_a","liso","","","","alta","baixo-risco-A CGSIM + sem conselho/setorial"
"4753-9/00","COMÉRCIO VAREJISTA ESPECIALIZADO DE ELETRODOMÉSTICOS E EQUIPAMENTOS DE ÁUDIO E VÍDEO","G","47","I","nao","sim","baixo_a","liso","","","","alta","baixo-risco-A CGSIM + sem conselho/setorial"
"4754-7/01","COMÉRCIO VAREJISTA DE MÓVEIS","G","47","I","nao","sim","baixo_a","liso","","","","alta","baixo-risco-A CGSIM + sem conselho/setorial"
"4754-7/02","COMÉRCIO VAREJISTA DE ARTIGOS DE COLCHOARIA","G","47","I","nao","sim","baixo_a","liso","","","","alta","baixo-risco-A CGSIM + sem conselho/setorial"
"4754-7/03","COMÉRCIO VAREJISTA DE ARTIGOS DE ILUMINAÇÃO","G","47","I","nao","sim","baixo_a","liso","","","","alta","baixo-risco-A CGSIM + sem conselho/setorial"
"4755-5/01","COMÉRCIO VAREJISTA DE TECIDOS","G","47","I","nao","sim","baixo_a","liso","","","","alta","baixo-risco-A CGSIM + sem conselho/setorial"
"4755-5/02","COMERCIO VAREJISTA DE ARTIGOS DE ARMARINHO","G","47","I","nao","sim","baixo_a","liso","","","","alta","baixo-risco-A CGSIM + sem conselho/setorial"
"4755-5/03","COMERCIO VAREJISTA DE ARTIGOS DE CAMA, MESA E BANHO","G","47","I","nao","sim","baixo_a","liso","","","","alta","baixo-risco-A CGSIM + sem conselho/setorial"
"4756-3/00","COMÉRCIO VAREJISTA ESPECIALIZADO DE INSTRUMENTOS MUSICAIS E ACESSÓRIOS","G","47","I","nao","sim","baixo_a","liso","","","","alta","baixo-risco-A CGSIM + sem conselho/setorial"
"4757-1/00","COMÉRCIO VAREJISTA ESPECIALIZADO DE PEÇAS E ACESSÓRIOS PARA APARELHOS ELETROELETRÔNICOS PARA USO DOMÉSTICO, EXCETO INFORMÁTICA E COMUNICAÇÃO","G","47","I","nao","sim","baixo_a","liso","","","","alta","baixo-risco-A CGSIM + sem conselho/setorial"
"4759-8/01","COMÉRCIO VAREJISTA DE ARTIGOS DE TAPEÇARIA, CORTINAS E PERSIANAS","G","47","I","nao","sim","baixo_a","liso","","","","alta","baixo-risco-A CGSIM + sem conselho/setorial"
"4759-8/99","COMÉRCIO VAREJISTA DE OUTROS ARTIGOS DE USO PESSOAL E DOMÉSTICO NÃO ESPECIFICADOS ANTERIORMENTE","G","47","I","nao","sim","baixo_a","liso","","","","alta","baixo-risco-A CGSIM + sem conselho/setorial"
"4761-0/01","COMÉRCIO VAREJISTA DE LIVROS","G","47","I","nao","sim","baixo_a","liso","","","","alta","baixo-risco-A CGSIM + sem conselho/setorial"
"4761-0/02","COMÉRCIO VAREJISTA DE JORNAIS E REVISTAS","G","47","I","nao","sim","baixo_a","liso","","","","alta","baixo-risco-A CGSIM + sem conselho/setorial"
"4761-0/03","COMÉRCIO VAREJISTA DE ARTIGOS DE PAPELARIA","G","47","I","nao","sim","baixo_a","liso","","","","alta","baixo-risco-A CGSIM + sem conselho/setorial"
"4762-8/00","COMÉRCIO VAREJISTA DE DISCOS, CDS, DVDS E FITAS","G","47","I","nao","sim","baixo_a","liso","","","","alta","baixo-risco-A CGSIM + sem conselho/setorial"
"4763-6/01","COMÉRCIO VAREJISTA DE BRINQUEDOS E ARTIGOS RECREATIVOS","G","47","I","nao","sim","baixo_a","liso","","","","alta","baixo-risco-A CGSIM + sem conselho/setorial"
"4763-6/02","COMÉRCIO VAREJISTA DE ARTIGOS ESPORTIVOS","G","47","I","nao","sim","baixo_a","liso","","","","alta","baixo-risco-A CGSIM + sem conselho/setorial"
"4763-6/03","COMÉRCIO VAREJISTA DE BICICLETAS E TRICICLOS; PEÇAS E ACESSÓRIOS","G","47","I","nao","sim","baixo_a","liso","","","","alta","baixo-risco-A CGSIM + sem conselho/setorial"
"4763-6/04","COMÉRCIO VAREJISTA DE ARTIGOS DE CAÇA, PESCA E CAMPING","G","47","I","nao","sim","baixo_a","liso","","","","alta","baixo-risco-A CGSIM + sem conselho/setorial"
"4763-6/05","COMÉRCIO VAREJISTA DE EMBARCAÇÕES E OUTROS VEÍCULOS RECREATIVOS; PEÇAS E ACESSÓRIOS","G","47","I","nao","nao","baixo_a","liso","","","","alta","baixo-risco-A CGSIM + sem conselho/setorial"
"4771-7/04","COMÉRCIO VAREJISTA DE MEDICAMENTOS VETERINÁRIOS","G","47","I","nao","nao","baixo_a","tato-registro","CRF (farmácia — medicamentos)","","","alta","conselho: CRF (farmácia — medicamentos)"
"4772-5/00","COMÉRCIO VAREJISTA DE COSMÉTICOS, PRODUTOS DE PERFUMARIA E DE HIGIENE PESSOAL","G","47","I","nao","sim","baixo_a","liso","","","","alta","baixo-risco-A CGSIM + sem conselho/setorial"
"4773-3/00","COMÉRCIO VAREJISTA DE ARTIGOS MÉDICOS E ORTOPÉDICOS","G","47","I","nao","sim","baixo_a","liso","","","","alta","baixo-risco-A CGSIM + sem conselho/setorial"
"4774-1/00","COMÉRCIO VAREJISTA DE ARTIGOS DE ÓPTICA","G","47","I","nao","sim","baixo_a","liso","","","","alta","baixo-risco-A CGSIM + sem conselho/setorial"
"4781-4/00","COMÉRCIO VAREJISTA DE ARTIGOS DO VESTUÁRIO E ACESSÓRIOS","G","47","I","nao","sim","baixo_a","liso","","","","alta","baixo-risco-A CGSIM + sem conselho/setorial"
"4782-2/01","COMÉRCIO VAREJISTA DE CALÇADOS","G","47","I","nao","sim","baixo_a","liso","","","","alta","baixo-risco-A CGSIM + sem conselho/setorial"
"4782-2/02","COMÉRCIO VAREJISTA DE ARTIGOS DE VIAGEM","G","47","I","nao","sim","baixo_a","liso","","","","alta","baixo-risco-A CGSIM + sem conselho/setorial"
"4783-1/02","COMÉRCIO VAREJISTA DE ARTIGOS DE RELOJOARIA","G","47","I","nao","sim","baixo_a","liso","","","","alta","baixo-risco-A CGSIM + sem conselho/setorial"
"4785-7/01","COMÉRCIO VAREJISTA DE ANTIGÜIDADES","G","47","I","nao","sim","baixo_a","liso","","","","alta","baixo-risco-A CGSIM + sem conselho/setorial"
"4785-7/99","COMÉRCIO VAREJISTA DE OUTROS ARTIGOS USADOS","G","47","I","nao","sim","baixo_a","liso","","","","alta","baixo-risco-A CGSIM + sem conselho/setorial"
"4789-0/01","COMÉRCIO VAREJISTA DE SUVENIRES, BIJUTERIAS E ARTESANATOS","G","47","I","nao","sim","baixo_a","liso","","","","alta","baixo-risco-A CGSIM + sem conselho/setorial"
"4789-0/02","COMÉRCIO VAREJISTA DE PLANTAS E FLORES NATURAIS","G","47","I","nao","sim","baixo_a","liso","","","","alta","baixo-risco-A CGSIM + sem conselho/setorial"
"4789-0/03","COMÉRCIO VAREJISTA DE OBJETOS DE ARTE","G","47","I","nao","sim","baixo_a","liso","","","","alta","baixo-risco-A CGSIM + sem conselho/setorial"
"4789-0/05","COMÉRCIO VAREJISTA DE PRODUTOS SANEANTES DOMISSANITÁRIOS","G","47","I","nao","sim","nao_listado","verificar-licenciamento","","","","media","fora do baixo-risco-A CGSIM → licença municipal (médio provisório OU alto vistoria; nível é municipal/BH)"
"4789-0/06","COMÉRCIO VAREJISTA DE FOGOS DE ARTIFÍCIO E ARTIGOS PIROTÉCNICOS","G","47","I","nao","nao","nao_listado","verificar-licenciamento","","","","media","fora do baixo-risco-A CGSIM → licença municipal (médio provisório OU alto vistoria; nível é municipal/BH)"
"4789-0/07","COMÉRCIO VAREJISTA DE EQUIPAMENTOS PARA ESCRITÓRIO","G","47","I","nao","sim","baixo_a","liso","","","","alta","baixo-risco-A CGSIM + sem conselho/setorial"
"4789-0/08","COMÉRCIO VAREJISTA DE ARTIGOS FOTOGRÁFICOS E PARA FILMAGEM","G","47","I","nao","sim","baixo_a","liso","","","","alta","baixo-risco-A CGSIM + sem conselho/setorial"
"4789-0/09","COMÉRCIO VAREJISTA DE ARMAS E MUNIÇÕES","G","47","I","nao","nao","nao_listado","verificar-licenciamento","","","","media","fora do baixo-risco-A CGSIM → licença municipal (médio provisório OU alto vistoria; nível é municipal/BH)"
"4789-0/99","COMÉRCIO VAREJISTA DE OUTROS PRODUTOS NÃO ESPECIFICADOS ANTERIORMENTE","G","47","I","nao","sim","nao_listado","verificar-licenciamento","","","","media","fora do baixo-risco-A CGSIM → licença municipal (médio provisório OU alto vistoria; nível é municipal/BH)"
"5211-7/02","GUARDA MÓVEIS","H","52","III","nao","sim","nao_listado","verificar-licenciamento","","","","media","fora do baixo-risco-A CGSIM → licença municipal (médio provisório OU alto vistoria; nível é municipal/BH)"
"5320-2/01","SERVIÇOS DE MALOTE NÃO REALIZADOS PELO CORREIO NACIONAL","H","53","III","nao","sim","nao_listado","verificar-licenciamento","","","","media","fora do baixo-risco-A CGSIM → licença municipal (médio provisório OU alto vistoria; nível é municipal/BH)"
"5320-2/02","SERVIÇOS DE ENTREGA RÁPIDA","H","53","III","nao","sim","nao_listado","verificar-licenciamento","","","","media","fora do baixo-risco-A CGSIM → licença municipal (médio provisório OU alto vistoria; nível é municipal/BH)"
"5510-8/01","HOTÉIS","I","55","III","nao","nao","nao_listado","verificar-licenciamento","","","","media","fora do baixo-risco-A CGSIM → licença municipal (médio provisório OU alto vistoria; nível é municipal/BH)"
"5510-8/02","APART HOTÉIS","I","55","III","nao","nao","nao_listado","verificar-licenciamento","","","","media","fora do baixo-risco-A CGSIM → licença municipal (médio provisório OU alto vistoria; nível é municipal/BH)"
"5510-8/03","MOTÉIS","I","55","III","nao","nao","nao_listado","verificar-licenciamento","","","","media","fora do baixo-risco-A CGSIM → licença municipal (médio provisório OU alto vistoria; nível é municipal/BH)"
"5590-6/01","ALBERGUES, EXCETO ASSISTENCIAIS","I","55","III","nao","sim","baixo_a","liso","","","","alta","baixo-risco-A CGSIM + sem conselho/setorial"
"5590-6/02","CAMPINGS","I","55","III","nao","sim","nao_listado","verificar-licenciamento","","","","media","fora do baixo-risco-A CGSIM → licença municipal (médio provisório OU alto vistoria; nível é municipal/BH)"
"5590-6/03","PENSÕES(ALOJAMENTO)","I","55","III","nao","sim","baixo_a","liso","","","","alta","baixo-risco-A CGSIM + sem conselho/setorial"
"5590-6/99","OUTROS ALOJAMENTOS NÃO ESPECIFICADOS ANTERIORMENTE","I","55","III","nao","sim","nao_listado","verificar-licenciamento","","","","media","fora do baixo-risco-A CGSIM → licença municipal (médio provisório OU alto vistoria; nível é municipal/BH)"
"5611-2/01","RESTAURANTES E SIMILARES","I","56","I","nao","sim","baixo_a","liso","","","","alta","baixo-risco-A CGSIM + sem conselho/setorial"
"5611-2/03","LANCHONETES, CASAS DE CHÁ, DE SUCOS E SIMILARES","I","56","I","nao","sim","baixo_a","liso","","","","alta","baixo-risco-A CGSIM + sem conselho/setorial"
"5611-2/04","BARES E OUTROS ESTABELECIMENTOS ESPECIALIZADOS EM SERVIR BEBIDAS, SEM ENTRETENIMENTO","I","56","I","nao","sim","baixo_a","liso","","","","alta","baixo-risco-A CGSIM + sem conselho/setorial"
"5620-1/01","FORNECIMENTO DE ALIMENTOS PREPARADOS PREPONDERANTEMENTE PARA EMPRESAS","I","56","I","nao","sim","nao_listado","verificar-licenciamento","","","","media","fora do baixo-risco-A CGSIM → licença municipal (médio provisório OU alto vistoria; nível é municipal/BH)"
"5620-1/02","SERVIÇOS DE ALIMENTAÇÃO PARA EVENTOS E RECEPÇÕES - BUFÊ","I","56","I/III","nao","sim","baixo_a","liso","","","","alta","baixo-risco-A CGSIM + sem conselho/setorial"
"5620-1/03","CANTINAS - SERVIÇOS DE ALIMENTAÇÃO PRIVATIVOS","I","56","I","nao","sim","nao_listado","verificar-licenciamento","","","","media","fora do baixo-risco-A CGSIM → licença municipal (médio provisório OU alto vistoria; nível é municipal/BH)"
"5620-1/04","FORNECIMENTO DE ALIMENTOS PREPARADOS PREPONDERANTEMENTE PARA CONSUMO DOMICILIAR","I","56","I","nao","sim","baixo_a","liso","","","","alta","baixo-risco-A CGSIM + sem conselho/setorial"
"5811-5/00","EDIÇÃO DE LIVROS","J","58","I/III/V","sim","sim","baixo_a","liso","","","","alta","baixo-risco-A CGSIM + sem conselho/setorial"
"5812-3/01","EDIÇÃO DE JORNAIS DIÁRIOS","J","58","II/III/V","sim","sim","baixo_a","liso","","","","alta","baixo-risco-A CGSIM + sem conselho/setorial"
"5812-3/02","EDIÇÃO DE JORNAIS NÃO DIÁRIOS","J","58","II/III/V","sim","sim","baixo_a","liso","","","","alta","baixo-risco-A CGSIM + sem conselho/setorial"
"5813-1/00","EDIÇÃO DE REVISTAS","J","58","I/III/V","sim","sim","baixo_a","liso","","","","alta","baixo-risco-A CGSIM + sem conselho/setorial"
"5819-1/00","EDIÇÃO DE CADASTROS, LISTAS E DE OUTROS PRODUTOS GRÁFICOS","J","58","I/III/V","sim","sim","baixo_a","liso","","","","alta","baixo-risco-A CGSIM + sem conselho/setorial"
"5911-1/01","ESTÚDIOS CINEMATOGRÁFICOS","J","59","III","nao","nao","nao_listado","verificar-licenciamento","","","","media","fora do baixo-risco-A CGSIM → licença municipal (médio provisório OU alto vistoria; nível é municipal/BH)"
"5911-1/02","PRODUÇÃO DE FILMES PARA PUBLICIDADE","J","59","III","nao","nao","baixo_a","liso","","","","alta","baixo-risco-A CGSIM + sem conselho/setorial"
"5911-1/99","ATIVIDADES DE PRODUÇÃO CINEMATOGRÁFICA, DE VÍDEOS E DE PROGRAMAS DE TELEVISÃO NÃO ESPECIFICADAS ANTERIORMENTE","J","59","III","nao","nao","nao_listado","verificar-licenciamento","","","","media","fora do baixo-risco-A CGSIM → licença municipal (médio provisório OU alto vistoria; nível é municipal/BH)"
"5912-0/01","SERVIÇOS DE DUBLAGEM","J","59","III","nao","sim","baixo_a","liso","","","","alta","baixo-risco-A CGSIM + sem conselho/setorial"
"5912-0/02","SERVIÇOS DE MIXAGEM SONORA EM PRODUÇÃO AUDIOVISUAL","J","59","III","nao","nao","baixo_a","liso","","","","alta","baixo-risco-A CGSIM + sem conselho/setorial"
"5912-0/99","ATIVIDADES DE PÓS PRODUÇÃO CINEMATOGRÁFICA, DE VÍDEOS E DE PROGRAMAS DE TELEVISÃO NÃO ESPECIFICADAS ANTERIORMENTE","J","59","III","nao","sim","nao_listado","verificar-licenciamento","","","","media","fora do baixo-risco-A CGSIM → licença municipal (médio provisório OU alto vistoria; nível é municipal/BH)"
"5913-8/00","DISTRIBUIÇÃO CINEMATOGRÁFICA, DE VÍDEO E DE PROGRAMAS DE TELEVISÃO","J","59","I/III","nao","nao","nao_listado","verificar-licenciamento","","","","media","fora do baixo-risco-A CGSIM → licença municipal (médio provisório OU alto vistoria; nível é municipal/BH)"
"5914-6/00","ATIVIDADES DE EXIBIÇÃO CINEMATOGRÁFICA","J","59","III","nao","nao","nao_listado","verificar-licenciamento","","","","media","fora do baixo-risco-A CGSIM → licença municipal (médio provisório OU alto vistoria; nível é municipal/BH)"
"5920-1/00","ATIVIDADES DE GRAVAÇÃO DE SOM E DE EDIÇÃO DE MÚSICA","J","59","III","nao","nao","baixo_a","liso","","","","alta","baixo-risco-A CGSIM + sem conselho/setorial"
"6201-5/01","DESENVOLVIMENTO DE PROGRAMAS DE COMPUTADOR SOB ENCOMENDA","J","62","III/V","sim","nao","baixo_a","liso","","","","alta","baixo-risco-A CGSIM + sem conselho/setorial"
"6201-5/02","WEB DESIGN","J","62","III/V","sim","nao","baixo_a","liso","","","","alta","baixo-risco-A CGSIM + sem conselho/setorial"
"6202-3/00","DESENVOLVIMENTO E LICENCIAMENTO DE PROGRAMAS DE COMPUTADOR CUSTOMIZÁVEIS","J","62","III/V","sim","nao","baixo_a","liso","","","","alta","baixo-risco-A CGSIM + sem conselho/setorial"
"6203-1/00","DESENVOLVIMENTO E LICENCIAMENTO DE PROGRAMAS DE COMPUTADOR NÃO CUSTOMIZÁVEIS","J","62","III/V","sim","nao","baixo_a","liso","","","","alta","baixo-risco-A CGSIM + sem conselho/setorial"
"6204-0/00","CONSULTORIA EM TECNOLOGIA DA INFORMAÇÃO","J","62","III/V","sim","nao","baixo_a","liso","","","","alta","baixo-risco-A CGSIM + sem conselho/setorial"
"6209-1/00","SUPORTE TÉCNICO, MANUTENÇÃO E OUTROS SERVIÇOS EM TECNOLOGIA DA INFORMAÇÃO","J","62","III/V","sim","nao","baixo_a","liso","","","","alta","baixo-risco-A CGSIM + sem conselho/setorial"
"6311-9/00","TRATAMENTO DE DADOS, PROVEDORES DE SERVIÇOS DE APLICAÇÃO E SERVIÇOS DE HOSPEDAGEM NA INTERNET","J","63","III/V","sim","nao","baixo_a","liso","","","","alta","baixo-risco-A CGSIM + sem conselho/setorial"
"6319-4/00","PORTAIS, PROVEDORES DE CONTEÚDO E OUTROS SERVIÇOS DE INFORMAÇÃO NA INTERNET","J","63","III/V","sim","nao","baixo_a","liso","","","","alta","baixo-risco-A CGSIM + sem conselho/setorial"
"6391-7/00","AGÊNCIAS DE NOTÍCIAS","J","63","III","nao","nao","baixo_a","liso","","","","alta","baixo-risco-A CGSIM + sem conselho/setorial"
"6399-2/00","OUTRAS ATIVIDADES DE PRESTAÇÃO DE SERVIÇOS DE INFORMAÇÃO NÃO ESPECIFICADAS ANTERIORMENTE","J","63","III","nao","sim","nao_listado","verificar-licenciamento","","","","media","fora do baixo-risco-A CGSIM → licença municipal (médio provisório OU alto vistoria; nível é municipal/BH)"
"6612-6/05","AGENTES DE INVESTIMENTOS EM APLICAÇÕES FINANCEIRAS","K","66","","nao","nao","nao_listado","tato-registro","","Bacen/CVM/SUSEP (financeiro/seguros)","","alta","setorial: Bacen/CVM/SUSEP (financeiro/seguros)"
"6619-3/02","CORRESPONDENTES DE INSTITUIÇÕES FINANCEIRAS","K","66","III/V","sim","nao","nao_listado","tato-registro","","Bacen/CVM/SUSEP (financeiro/seguros)","","alta","setorial: Bacen/CVM/SUSEP (financeiro/seguros)"
"6621-5/01","PERITOS E AVALIADORES DE SEGUROS","K","66","III/V","sim","nao","baixo_a","tato-registro","","Bacen/CVM/SUSEP (financeiro/seguros)","","alta","setorial: Bacen/CVM/SUSEP (financeiro/seguros)"
"6621-5/02","AUDITORIA E CONSULTORIA ATUARIAL","K","66","III/V","sim","nao","baixo_a","tato-registro","","Bacen/CVM/SUSEP (financeiro/seguros)","","alta","setorial: Bacen/CVM/SUSEP (financeiro/seguros)"
"6622-3/00","CORRETORES E AGENTES DE SEGUROS, DE PLANOS DE PREVIDÊNCIA COMPLEMENTAR E DE SAÚDE","K","66","III/V","sim","nao","nao_listado","tato-registro","","Bacen/CVM/SUSEP (financeiro/seguros)","","alta","setorial: Bacen/CVM/SUSEP (financeiro/seguros)"
"6629-1/00","ATIVIDADES AUXILIARES DOS SEGUROS, DA PREVIDÊNCIA COMPLEMENTAR E DOS PLANOS DE SAÚDE NÃO ESPECIFICADAS ANTERIORMENTE","K","66","III/V","sim","nao","nao_listado","tato-registro","","Bacen/CVM/SUSEP (financeiro/seguros)","","alta","setorial: Bacen/CVM/SUSEP (financeiro/seguros)"
"6821-8/01","CORRETAGEM NA COMPRA E VENDA E AVALIAÇÃO DE IMÓVEIS","L","68","III/V","sim","nao","baixo_a","tato-registro","CRECI (corretor imóveis)","","","alta","conselho: CRECI (corretor imóveis)"
"6821-8/02","CORRETAGEM NO ALUGUEL DE IMÓVEIS","L","68","III","nao","nao","baixo_a","tato-registro","CRECI (corretor imóveis)","","","alta","conselho: CRECI (corretor imóveis)"
"6822-6/00","GESTÃO E ADMINISTRAÇÃO DA PROPRIEDADE IMOBILIARIA","L","68","III/V","sim","nao","baixo_a","tato-registro","CRECI (corretor imóveis)","","","alta","conselho: CRECI (corretor imóveis)"
"6911-7/01","SERVIÇOS ADVOCATÍCIOS","M","69","IV","nao","nao","baixo_a","tato-registro","OAB / INPI (jurídico)","","","alta","conselho: OAB / INPI (jurídico)"
"6911-7/02","ATIVIDADES AUXILIARES DA JUSTIÇA","M","69","","nao","nao","baixo_a","tato-registro","OAB / INPI (jurídico)","","","alta","conselho: OAB / INPI (jurídico)"
"6911-7/03","AGENTE DE PROPRIEDADE INDUSTRIAL","M","69","III/V","sim","nao","nao_listado","tato-registro","OAB / INPI (jurídico)","","","alta","conselho: OAB / INPI (jurídico)"
"7020-4/00","ATIVIDADES DE CONSULTORIA EM GESTÃO EMPRESARIAL, EXCETO CONSULTORIA TÉCNICA ESPECÍFICA","M","70","III/V","sim","nao","baixo_a","liso","","","CRA/CORECON (consultoria — debatível, não bloqueia)","alta","baixo-risco-A CGSIM + sem conselho/setorial"
"7111-1/00","SERVIÇOS DE ARQUITETURA","M","71","III/V","sim","nao","baixo_a","tato-registro","CREA/CAU (engenharia/arquitetura)","","","alta","conselho: CREA/CAU (engenharia/arquitetura)"
"7112-0/00","SERVIÇOS DE ENGENHARIA","M","71","III/V","sim","nao","baixo_a","tato-registro","CREA/CAU (engenharia/arquitetura)","","","alta","conselho: CREA/CAU (engenharia/arquitetura)"
"7119-7/01","SERVIÇOS DE CARTOGRAFIA, TOPOGRAFIA E GEODÉSIA","M","71","III/V","sim","nao","baixo_a","tato-registro","CREA/CAU (engenharia/arquitetura)","","","alta","conselho: CREA/CAU (engenharia/arquitetura)"
"7119-7/02","ATIVIDADES DE ESTUDOS GEOLÓGICOS","M","71","III/V","sim","nao","baixo_a","tato-registro","CREA/CAU (engenharia/arquitetura)","","","alta","conselho: CREA/CAU (engenharia/arquitetura)"
"7119-7/03","SERVIÇOS DE DESENHO TÉCNICO RELACIONADOS À ARQUITETURA E ENGENHARIA","M","71","III/V","sim","nao","baixo_a","tato-registro","CREA/CAU (engenharia/arquitetura)","","","alta","conselho: CREA/CAU (engenharia/arquitetura)"
"7119-7/04","SERVIÇOS DE PERÍCIA TÉCNICA RELACIONADOS À SEGURANÇA DO TRABALHO","M","71","III/V","sim","nao","nao_listado","tato-registro","CREA/CAU (engenharia/arquitetura)","","","alta","conselho: CREA/CAU (engenharia/arquitetura)"
"7119-7/99","ATIVIDADES TÉCNICAS RELACIONADAS À ENGENHARIA E ARQUITETURA NÃO ESPECIFICADAS ANTERIORMENTE","M","71","III/V","sim","nao","baixo_a","tato-registro","CREA/CAU (engenharia/arquitetura)","","","alta","conselho: CREA/CAU (engenharia/arquitetura)"
"7120-1/00","TESTES E ANÁLISES TÉCNICAS","M","71","III/V","sim","nao","baixo_a","tato-registro","CREA/CAU (engenharia/arquitetura)","","","alta","conselho: CREA/CAU (engenharia/arquitetura)"
"7210-0/00","PESQUISA E DESENVOLVIMENTO EXPERIMENTAL EM CIÊNCIAS FÍSICAS E NATURAIS","M","72","III/V","sim","nao","baixo_a","liso","","","","alta","baixo-risco-A CGSIM + sem conselho/setorial"
"7220-7/00","PESQUISA E DESENVOLVIMENTO EXPERIMENTAL EM CIÊNCIAS SOCIAIS E HUMANAS","M","72","III/V","sim","nao","baixo_a","liso","","","","alta","baixo-risco-A CGSIM + sem conselho/setorial"
"7311-4/00","AGÊNCIAS DE PUBLICIDADE","M","73","III/V","sim","nao","baixo_a","liso","","","","alta","baixo-risco-A CGSIM + sem conselho/setorial"
"7312-2/00","AGENCIAMENTO DE ESPAÇOS PARA PUBLICIDADE, EXCETO EM VEÍCULOS DE COMUNICAÇÃO","M","73","III/V","sim","nao","baixo_a","liso","","","","alta","baixo-risco-A CGSIM + sem conselho/setorial"
"7319-0/01","CRIAÇÃO ESTANDES PARA FEIRAS E EXPOSIÇÕES","M","73","III/V","sim","nao","nao_listado","verificar-licenciamento","","","","media","fora do baixo-risco-A CGSIM → licença municipal (médio provisório OU alto vistoria; nível é municipal/BH)"
"7319-0/02","PROMOÇÃO DE VENDAS","M","73","III","nao","sim","baixo_a","liso","","","","alta","baixo-risco-A CGSIM + sem conselho/setorial"
"7319-0/03","MARKETING DIRETO","M","73","III","nao","nao","baixo_a","liso","","","","alta","baixo-risco-A CGSIM + sem conselho/setorial"
"7319-0/04","CONSULTORIA EM PUBLICIDADE","M","73","III/V","sim","nao","baixo_a","liso","","","","alta","baixo-risco-A CGSIM + sem conselho/setorial"
"7319-0/99","OUTRAS ATIVIDADES DE PUBLICIDADE NÃO ESPECIFICADAS ANTERIORMENTE","M","73","III","nao","sim","nao_listado","verificar-licenciamento","","","","media","fora do baixo-risco-A CGSIM → licença municipal (médio provisório OU alto vistoria; nível é municipal/BH)"
"7320-3/00","PESQUISAS DE MERCADO E DE OPINIÃO PÚBLICA","M","73","III/V","sim","nao","baixo_a","liso","","","","alta","baixo-risco-A CGSIM + sem conselho/setorial"
"7410-2/02","DESIGN DE INTERIORES","M","74","III/IV/V","sim","nao","baixo_a","liso","","","","alta","baixo-risco-A CGSIM + sem conselho/setorial"
"7410-2/03","DESIGN DE PRODUTO","M","74","III/V","sim","nao","baixo_a","liso","","","","alta","baixo-risco-A CGSIM + sem conselho/setorial"
"7410-2/99","ATIVIDADES DE DESIGN NÃO ESPECIFICADAS ANTERIORMENTE","M","74","III/V","sim","nao","baixo_a","liso","","","","alta","baixo-risco-A CGSIM + sem conselho/setorial"
"7420-0/01","ATIVIDADES DE PRODUÇÃO DE FOTOGRAFIAS, EXCETO AÉREA E SUBMARINA","M","74","III","nao","sim","baixo_a","liso","","","","alta","baixo-risco-A CGSIM + sem conselho/setorial"
"7420-0/02","ATIVIDADES DE PRODUÇÃO DE FOTOGRAFIAS AÉREAS E SUBMARINAS","M","74","III","nao","sim","nao_listado","verificar-licenciamento","","","","media","fora do baixo-risco-A CGSIM → licença municipal (médio provisório OU alto vistoria; nível é municipal/BH)"
"7420-0/03","LABORATÓRIOS FOTOGRÁFICOS","M","74","III","nao","sim","baixo_a","liso","","","","alta","baixo-risco-A CGSIM + sem conselho/setorial"
"7420-0/04","FILMAGEM DE FESTAS E EVENTOS","M","74","III","nao","sim","baixo_a","liso","","","","alta","baixo-risco-A CGSIM + sem conselho/setorial"
"7420-0/05","SERVIÇOS DE MICROFILMAGEM","M","74","III","nao","nao","baixo_a","liso","","","","alta","baixo-risco-A CGSIM + sem conselho/setorial"
"7490-1/01","SERVIÇOS DE TRADUÇÃO, INTERPRETAÇÃO E SIMILARES","M","74","III/V","sim","nao","baixo_a","liso","","","","alta","baixo-risco-A CGSIM + sem conselho/setorial"
"7490-1/02","ESCAFANDRIA E MERGULHO","M","74","III","nao","sim","nao_listado","verificar-licenciamento","","","","media","fora do baixo-risco-A CGSIM → licença municipal (médio provisório OU alto vistoria; nível é municipal/BH)"
"7490-1/03","SERVIÇOS DE AGRONOMIA E DE CONSULTORIA ÀS ATIVIDADES AGRÍCOLAS E PECUÁRIAS","M","74","III/V","sim","nao","baixo_a","liso","","","","alta","baixo-risco-A CGSIM + sem conselho/setorial"
"7490-1/04","ATIVIDADES DE INTERMEDIAÇÃO E AGENCIAMENTO DE SERVIÇOS E NEGÓCIOS EM GERAL, EXCETO IMOBILIÁRIOS","M","74","III/V","sim","nao","baixo_a","liso","","","","alta","baixo-risco-A CGSIM + sem conselho/setorial"
"7490-1/05","AGENCIAMENTO DE PROFISSIONAIS PARA ATIVIDADES ESPORTIVAS, CULTURAIS E ARTÍSTICAS","M","74","III/V","sim","nao","baixo_a","liso","","","","alta","baixo-risco-A CGSIM + sem conselho/setorial"
"7490-1/99","OUTRAS ATIVIDADES PROFISSIONAIS, CIENTÍFICAS E TÉCNICAS NÃO ESPECIFICADAS ANTERIORMENTE","M","74","III/V","sim","nao","baixo_a","liso","","","","alta","baixo-risco-A CGSIM + sem conselho/setorial"
"7500-1/00","ATIVIDADES VETERINÁRIAS","M","75","III/V","sim","nao","baixo_a","tato-registro","CRMV (veterinária)","","","alta","conselho: CRMV (veterinária)"
"7711-0/00","LOCAÇÃO DE AUTOMÓVEIS SEM CONDUTOR","N","77","III","nao","nao","nao_listado","verificar-licenciamento","","","","media","fora do baixo-risco-A CGSIM → licença municipal (médio provisório OU alto vistoria; nível é municipal/BH)"
"7721-7/00","ALUGUEL DE EQUIPAMENTOS RECREATIVOS E ESPORTIVOS","N","77","III","nao","sim","baixo_a","liso","","","","alta","baixo-risco-A CGSIM + sem conselho/setorial"
"7722-5/00","ALUGUEL DE FITAS DE VÍDEO, DVDS E SIMILARES","N","77","III","nao","sim","baixo_a","liso","","","","alta","baixo-risco-A CGSIM + sem conselho/setorial"
"7723-3/00","ALUGUEL DE OBJETOS DO VESTUÁRIO, JÓIAS E ACESSÓRIOS","N","77","III","nao","sim","baixo_a","liso","","","","alta","baixo-risco-A CGSIM + sem conselho/setorial"
"7729-2/01","ALUGUEL DE APARELHOS DE JOGOS ELETRÔNICOS","N","77","III","nao","sim","baixo_a","liso","","","","alta","baixo-risco-A CGSIM + sem conselho/setorial"
"7729-2/02","ALUGUEL DE MÓVEIS, UTENSÍLIOS E APARELHOS DE USO DOMÉSTICO E PESSOAL; INSTRUMENTOS MUSICAIS","N","77","III","nao","sim","baixo_a","liso","","","","alta","baixo-risco-A CGSIM + sem conselho/setorial"
"7729-2/03","ALUGUEL DE MATERIAL MÉDICO","N","77","III","nao","sim","baixo_a","liso","","","","alta","baixo-risco-A CGSIM + sem conselho/setorial"
"7729-2/99","ALUGUEL DE OUTROS OBJETOS PESSOAIS E DOMÉSTICOS NÃO ESPECIFICADOS ANTERIORMENTE","N","77","III","nao","sim","baixo_a","liso","","","","alta","baixo-risco-A CGSIM + sem conselho/setorial"
"7731-4/00","ALUGUEL DE MÁQUINAS E EQUIPAMENTOS AGRÍCOLAS SEM OPERADOR","N","77","III","nao","sim","nao_listado","verificar-licenciamento","","","","media","fora do baixo-risco-A CGSIM → licença municipal (médio provisório OU alto vistoria; nível é municipal/BH)"
"7732-2/01","ALUGUEL DE MÁQUINAS E EQUIPAMENTOS PARA CONSTRUÇÃO SEM OPERADOR, EXCETO ANDAIMES","N","77","III","nao","sim","nao_listado","verificar-licenciamento","","","","media","fora do baixo-risco-A CGSIM → licença municipal (médio provisório OU alto vistoria; nível é municipal/BH)"
"7732-2/02","ALUGUEL DE ANDAIMES","N","77","III","nao","sim","nao_listado","verificar-licenciamento","","","","media","fora do baixo-risco-A CGSIM → licença municipal (médio provisório OU alto vistoria; nível é municipal/BH)"
"7733-1/00","ALUGUEL DE MÁQUINAS E EQUIPAMENTOS PARA ESCRITÓRIOS","N","77","III","nao","sim","baixo_a","liso","","","","alta","baixo-risco-A CGSIM + sem conselho/setorial"
"7739-0/01","ALUGUEL DE MÁQUINAS E EQUIPAMENTOS PARA EXTRAÇÃO DE MINÉRIOS E PETRÓLEO, SEM OPERADOR","N","77","III","nao","nao","nao_listado","verificar-licenciamento","","","","media","fora do baixo-risco-A CGSIM → licença municipal (médio provisório OU alto vistoria; nível é municipal/BH)"
"7739-0/02","ALUGUEL DE EQUIPAMENTOS CIENTÍFICOS, MÉDICOS E HOSPITALARES, SEM OPERADOR","N","77","III","nao","sim","nao_listado","verificar-licenciamento","","","","media","fora do baixo-risco-A CGSIM → licença municipal (médio provisório OU alto vistoria; nível é municipal/BH)"
"7739-0/03","ALUGUEL DE PALCOS, COBERTURAS E OUTRAS ESTRUTURAS DE USO TEMPORÁRIO, EXCETO ANDAIMES","N","77","III","nao","sim","nao_listado","verificar-licenciamento","","","","media","fora do baixo-risco-A CGSIM → licença municipal (médio provisório OU alto vistoria; nível é municipal/BH)"
"7739-0/99","ALUGUEL DE OUTRAS MÁQUINAS E EQUIPAMENTOS COMERCIAIS E INDUSTRIAIS NÃO ESPECIFICADOS ANTERIORMENTE, SEM OPERADOR","N","77","III","nao","sim","nao_listado","verificar-licenciamento","","","","media","fora do baixo-risco-A CGSIM → licença municipal (médio provisório OU alto vistoria; nível é municipal/BH)"
"7740-3/00","GESTÃO DE ATIVOS INTANGÍVEIS NÃO FINANCEIROS","N","77","III/V","sim","nao","nao_listado","verificar-licenciamento","","","","media","fora do baixo-risco-A CGSIM → licença municipal (médio provisório OU alto vistoria; nível é municipal/BH)"
"7911-2/00","AGÊNCIAS DE VIAGENS","N","79","III","nao","sim","baixo_a","tato-registro","","CADASTUR (turismo)","","alta","setorial: CADASTUR (turismo)"
"7912-1/00","OPERADORES TURÍSTICOS","N","79","III","nao","sim","baixo_a","tato-registro","","CADASTUR (turismo)","","alta","setorial: CADASTUR (turismo)"
"7990-2/00","SERVIÇOS DE RESERVAS E OUTROS SERVIÇOS DE TURISMO NÃO ESPECIFICADOS ANTERIORMENTE","N","79","III","nao","sim","nao_listado","tato-registro","","CADASTUR (turismo)","","alta","setorial: CADASTUR (turismo)"
"8011-1/02","SERVIÇOS DE ADESTRAMENTO DE CÃES DE GUARDA","N","80","III","nao","sim","baixo_a","tato-registro","","Polícia Federal (segurança/investigação)","","alta","setorial: Polícia Federal (segurança/investigação)"
"8020-0/01","ATIVIDADES DE MONITORAMENTO DE SISTEMAS DE SEGURANÇA ELETRÔNICO","N","80","IV","nao","nao","baixo_a","tato-registro","","Polícia Federal (segurança/investigação)","","alta","setorial: Polícia Federal (segurança/investigação)"
"8030-7/00","ATIVIDADES DE INVESTIGAÇÃO PARTICULAR","N","80","III/V","sim","nao","baixo_a","tato-registro","","Polícia Federal (segurança/investigação)","","alta","setorial: Polícia Federal (segurança/investigação)"
"8121-4/00","LIMPEZA EM PRÉDIOS E EM DOMICÍLIOS","N","81","IV","nao","nao","nao_listado","verificar-licenciamento","","","","media","fora do baixo-risco-A CGSIM → licença municipal (médio provisório OU alto vistoria; nível é municipal/BH)"
"8122-2/00","IMUNIZAÇÃO E CONTROLE DE PRAGAS URBANAS","N","81","IV","nao","nao","nao_listado","verificar-licenciamento","","","","media","fora do baixo-risco-A CGSIM → licença municipal (médio provisório OU alto vistoria; nível é municipal/BH)"
"8129-0/00","ATIVIDADES DE LIMPEZA NÃO ESPECIFICADAS ANTERIORMENTE","N","81","IV","nao","sim","nao_listado","verificar-licenciamento","","","","media","fora do baixo-risco-A CGSIM → licença municipal (médio provisório OU alto vistoria; nível é municipal/BH)"
"8130-3/00","ATIVIDADES PAISAGÍSTICAS","N","81","IV","nao","sim","nao_listado","verificar-licenciamento","","","","media","fora do baixo-risco-A CGSIM → licença municipal (médio provisório OU alto vistoria; nível é municipal/BH)"
"8211-3/00","SERVIÇOS COMBINADOS DE ESCRITÓRIO E APOIO ADMINISTRATIVO","N","82","III","nao","nao","baixo_a","liso","","","","alta","baixo-risco-A CGSIM + sem conselho/setorial"
"8219-9/01","FOTOCÓPIAS","N","82","III","nao","sim","baixo_a","liso","","","","alta","baixo-risco-A CGSIM + sem conselho/setorial"
"8219-9/99","PREPARAÇÃO DE DOCUMENTOS E SERVIÇOS ESPECIALIZADOS DE APOIO ADMINISTRATIVO NÃO ESPECIFICADOS ANTERIORMENTE","N","82","III","nao","sim","baixo_a","liso","","","","alta","baixo-risco-A CGSIM + sem conselho/setorial"
"8220-2/00","ATIVIDADES DE TELEATENDIMENTO","N","82","III","nao","nao","baixo_a","liso","","","","alta","baixo-risco-A CGSIM + sem conselho/setorial"
"8230-0/01","SERVIÇOS DE ORGANIZAÇÃO DE FEIRAS, CONGRESSOS, EXPOSIÇÕES E FESTAS","N","82","III","nao","sim","baixo_a","liso","","","","alta","baixo-risco-A CGSIM + sem conselho/setorial"
"8230-0/02","CASAS DE FESTAS E EVENTOS","N","82","III","nao","sim","nao_listado","verificar-licenciamento","","","","media","fora do baixo-risco-A CGSIM → licença municipal (médio provisório OU alto vistoria; nível é municipal/BH)"
"8291-1/00","ATIVIDADES DE COBRANÇAS E INFORMAÇÕES CADASTRAIS","N","82","III","nao","sim","baixo_a","liso","","","","alta","baixo-risco-A CGSIM + sem conselho/setorial"
"8299-7/01","MEDIÇÃO DE CONSUMO DE ENERGIA ELÉTRICA, GÁS E ÁGUA","N","82","III","nao","nao","nao_listado","verificar-licenciamento","","","","media","fora do baixo-risco-A CGSIM → licença municipal (médio provisório OU alto vistoria; nível é municipal/BH)"
"8299-7/03","SERVIÇOS DE GRAVAÇÃO DE CARIMBOS, EXCETO CONFECÇÃO","N","82","III","nao","sim","baixo_a","liso","","","","alta","baixo-risco-A CGSIM + sem conselho/setorial"
"8299-7/07","SALAS DE ACESSO À INTERNET","N","82","III","nao","sim","baixo_a","liso","","","","alta","baixo-risco-A CGSIM + sem conselho/setorial"
"8299-7/99","OUTRAS ATIVIDADES DE SERVIÇOS PRESTADOS PRINCIPALMENTE ÀS EMPRESAS NÃO ESPECIFICADAS ANTERIORMENTE","N","82","III/IV/V","sim","sim","nao_listado","verificar-licenciamento","","","","media","fora do baixo-risco-A CGSIM → licença municipal (médio provisório OU alto vistoria; nível é municipal/BH)"
"8511-2/00","EDUCAÇÃO INFANTIL - CRECHE","P","85","III","nao","nao","nao_listado","tato-registro","","MEC/Conselho de Educação (ensino regular)","","alta","setorial: MEC/Conselho de Educação (ensino regular)"
"8512-1/00","EDUCAÇÃO INFANTIL - PRÉESCOLA","P","85","III","nao","nao","nao_listado","tato-registro","","MEC/Conselho de Educação (ensino regular)","","alta","setorial: MEC/Conselho de Educação (ensino regular)"
"8513-9/00","ENSINO FUNDAMENTAL","P","85","III","nao","nao","nao_listado","tato-registro","","MEC/Conselho de Educação (ensino regular)","","alta","setorial: MEC/Conselho de Educação (ensino regular)"
"8520-1/00","ENSINO MÉDIO","P","85","III","nao","nao","nao_listado","tato-registro","","MEC/Conselho de Educação (ensino regular)","","alta","setorial: MEC/Conselho de Educação (ensino regular)"
"8531-7/00","EDUCAÇÃO SUPERIOR - GRADUAÇÃO","P","85","III/V","sim","nao","nao_listado","tato-registro","","MEC/Conselho de Educação (ensino regular)","","alta","setorial: MEC/Conselho de Educação (ensino regular)"
"8532-5/00","EDUCAÇÃO SUPERIOR - GRADUAÇÃO E PÓS GRADUAÇÃO","P","85","III/V","sim","nao","nao_listado","tato-registro","","MEC/Conselho de Educação (ensino regular)","","alta","setorial: MEC/Conselho de Educação (ensino regular)"
"8533-3/00","EDUCAÇÃO SUPERIOR - PÓS GRADUAÇÃO E EXTENSÃO","P","85","III/V","sim","nao","nao_listado","tato-registro","","MEC/Conselho de Educação (ensino regular)","","alta","setorial: MEC/Conselho de Educação (ensino regular)"
"8541-4/00","EDUCAÇÃO PROFISSIONAL DE NÍVEL TÉCNICO","P","85","III","nao","nao","nao_listado","tato-registro","","MEC/Conselho de Educação (ensino regular)","","alta","setorial: MEC/Conselho de Educação (ensino regular)"
"8542-2/00","EDUCAÇÃO PROFISSIONAL DE NÍVEL TECNOLÓGICO","P","85","III/V","sim","nao","nao_listado","tato-registro","","MEC/Conselho de Educação (ensino regular)","","alta","setorial: MEC/Conselho de Educação (ensino regular)"
"8550-3/02","ATIVIDADES DE APOIO À EDUCAÇÃO, EXCETO CAIXAS ESCOLARES","P","85","III/V","sim","nao","nao_listado","verificar-licenciamento","","","","media","fora do baixo-risco-A CGSIM → licença municipal (médio provisório OU alto vistoria; nível é municipal/BH)"
"8591-1/00","ENSINO DE ESPORTES","P","85","III","sim","nao","baixo_a","liso","","","","alta","baixo-risco-A CGSIM + sem conselho/setorial"
"8592-9/01","ENSINO DE DANÇA","P","85","III/V","sim","nao","baixo_a","liso","","","","alta","baixo-risco-A CGSIM + sem conselho/setorial"
"8592-9/02","ENSINO DE ARTES CÊNICAS, EXCETO DANÇA","P","85","III","nao","sim","baixo_a","liso","","","","alta","baixo-risco-A CGSIM + sem conselho/setorial"
"8592-9/03","ENSINO DE MÚSICA","P","85","III","nao","sim","baixo_a","liso","","","","alta","baixo-risco-A CGSIM + sem conselho/setorial"
"8592-9/99","ENSINO DE ARTE E CULTURA NÃO ESPECIFICADO ANTERIORMENTE","P","85","III","nao","sim","baixo_a","liso","","","","alta","baixo-risco-A CGSIM + sem conselho/setorial"
"8593-7/00","ENSINO DE IDIOMAS","P","85","III","nao","sim","baixo_a","liso","","","","alta","baixo-risco-A CGSIM + sem conselho/setorial"
"8599-6/01","FORMAÇÃO DE CONDUTORES","P","85","III","nao","nao","nao_listado","verificar-licenciamento","","","","media","fora do baixo-risco-A CGSIM → licença municipal (médio provisório OU alto vistoria; nível é municipal/BH)"
"8599-6/02","CURSOS DE PILOTAGEM","P","85","III","nao","nao","nao_listado","verificar-licenciamento","","","","media","fora do baixo-risco-A CGSIM → licença municipal (médio provisório OU alto vistoria; nível é municipal/BH)"
"8599-6/03","TREINAMENTO EM INFORMÁTICA","P","85","III","nao","sim","baixo_a","liso","","","","alta","baixo-risco-A CGSIM + sem conselho/setorial"
"8599-6/04","TREINAMENTO EM DESENVOLVIMENTO PROFISSIONAL E GERENCIAL","P","85","III","nao","sim","baixo_a","liso","","","","alta","baixo-risco-A CGSIM + sem conselho/setorial"
"8599-6/05","CURSOS PREPARATÓRIOS PARA CONCURSOS","P","85","III","nao","sim","baixo_a","liso","","","","alta","baixo-risco-A CGSIM + sem conselho/setorial"
"8599-6/99","OUTRAS ATIVIDADES DE ENSINO NÃO ESPECIFICADAS ANTERIORMENTE","P","85","III","nao","sim","nao_listado","verificar-licenciamento","","","","media","fora do baixo-risco-A CGSIM → licença municipal (médio provisório OU alto vistoria; nível é municipal/BH)"
"8610-1/01","ATIVIDADES DE ATENDIMENTO HOSPITALAR, EXCETO PRONTO SOCORRO E UNIDADES PARA ATENDIMENTO A URGÊNCIAS","Q","86","III/V","sim","nao","nao_listado","tato-registro","Conselhos de saúde (CRM/CRO/COREN/CRN/CRP/CREFITO/CRF)","","","alta","conselho: Conselhos de saúde (CRM/CRO/COREN/CRN/CRP/CREFITO/CRF)"
"8610-1/02","ATIVIDADES DE ATENDIMENTO EM PRONTO SOCORRO E UNIDADES HOSPITALARES PARA ATENDIMENTO A URGÊNCIAS","Q","86","III/V","sim","nao","nao_listado","tato-registro","Conselhos de saúde (CRM/CRO/COREN/CRN/CRP/CREFITO/CRF)","","","alta","conselho: Conselhos de saúde (CRM/CRO/COREN/CRN/CRP/CREFITO/CRF)"
"8621-6/01","UTI MÓVEL","Q","86","III/V","sim","nao","nao_listado","tato-registro","Conselhos de saúde (CRM/CRO/COREN/CRN/CRP/CREFITO/CRF)","","","alta","conselho: Conselhos de saúde (CRM/CRO/COREN/CRN/CRP/CREFITO/CRF)"
"8621-6/02","SERVIÇOS MÓVEIS DE ATENDIMENTO A URGÊNCIAS, EXCETO POR UTI MÓVEL","Q","86","III/V","sim","nao","nao_listado","tato-registro","Conselhos de saúde (CRM/CRO/COREN/CRN/CRP/CREFITO/CRF)","","","alta","conselho: Conselhos de saúde (CRM/CRO/COREN/CRN/CRP/CREFITO/CRF)"
"8622-4/00","SERVIÇOS DE REMOÇÃO DE PACIENTES, EXCETO OS SERVIÇOS MÓVEIS DE ATENDIMENTO A URGÊNCIAS","Q","86","III/V","sim","nao","nao_listado","tato-registro","Conselhos de saúde (CRM/CRO/COREN/CRN/CRP/CREFITO/CRF)","","","alta","conselho: Conselhos de saúde (CRM/CRO/COREN/CRN/CRP/CREFITO/CRF)"
"8630-5/01","ATIVIDADE MÉDICA AMBULATORIAL COM RECURSOS PARA REALIZAÇÃO DE PROCEDIMENTOS CIRÚRGICOS","Q","86","III/V","sim","nao","nao_listado","tato-registro","Conselhos de saúde (CRM/CRO/COREN/CRN/CRP/CREFITO/CRF)","","","alta","conselho: Conselhos de saúde (CRM/CRO/COREN/CRN/CRP/CREFITO/CRF)"
"8630-5/02","ATIVIDADE MÉDICA AMBULATORIAL COM RECURSOS PARA REALIZAÇÃO DE EXAMES COMPLEMENTARES","Q","86","III/V","sim","nao","nao_listado","tato-registro","Conselhos de saúde (CRM/CRO/COREN/CRN/CRP/CREFITO/CRF)","","","alta","conselho: Conselhos de saúde (CRM/CRO/COREN/CRN/CRP/CREFITO/CRF)"
"8630-5/03","ATIVIDADE MÉDICA AMBULATORIAL RESTRITA A CONSULTAS","Q","86","III/V","sim","nao","nao_listado","tato-registro","Conselhos de saúde (CRM/CRO/COREN/CRN/CRP/CREFITO/CRF)","","","alta","conselho: Conselhos de saúde (CRM/CRO/COREN/CRN/CRP/CREFITO/CRF)"
"8630-5/04","ATIVIDADE ODONTOLÓGICA","Q","86","III/V","sim","nao","nao_listado","tato-registro","Conselhos de saúde (CRM/CRO/COREN/CRN/CRP/CREFITO/CRF)","","","alta","conselho: Conselhos de saúde (CRM/CRO/COREN/CRN/CRP/CREFITO/CRF)"
"8630-5/06","SERVIÇOS DE VACINAÇÃO E IMUNIZAÇÃO HUMANA","Q","86","III/V","sim","nao","nao_listado","tato-registro","Conselhos de saúde (CRM/CRO/COREN/CRN/CRP/CREFITO/CRF)","","","alta","conselho: Conselhos de saúde (CRM/CRO/COREN/CRN/CRP/CREFITO/CRF)"
"8630-5/07","ATIVIDADES DE REPRODUÇÃO HUMANA ASSISTIDA","Q","86","III/V","sim","nao","nao_listado","tato-registro","Conselhos de saúde (CRM/CRO/COREN/CRN/CRP/CREFITO/CRF)","","","alta","conselho: Conselhos de saúde (CRM/CRO/COREN/CRN/CRP/CREFITO/CRF)"
"8630-5/99","ATIVIDADES DE ATENÇÃO AMBULATORIAL NÃO ESPECIFICADAS ANTERIORMENTE","Q","86","III/V","sim","nao","nao_listado","tato-registro","Conselhos de saúde (CRM/CRO/COREN/CRN/CRP/CREFITO/CRF)","","","alta","conselho: Conselhos de saúde (CRM/CRO/COREN/CRN/CRP/CREFITO/CRF)"
"8640-2/01","LABORATÓRIOS DE ANATOMIA PATOLÓGICA E CITOLÓGICA","Q","86","III/V","sim","nao","nao_listado","tato-registro","Conselhos de saúde (CRM/CRO/COREN/CRN/CRP/CREFITO/CRF)","","","alta","conselho: Conselhos de saúde (CRM/CRO/COREN/CRN/CRP/CREFITO/CRF)"
"8640-2/02","LABORATÓRIOS CLÍNICOS","Q","86","III/V","sim","nao","nao_listado","tato-registro","Conselhos de saúde (CRM/CRO/COREN/CRN/CRP/CREFITO/CRF)","","","alta","conselho: Conselhos de saúde (CRM/CRO/COREN/CRN/CRP/CREFITO/CRF)"
"8640-2/03","SERVIÇOS DE DIÁLISE E NEFROLOGIA","Q","86","III/V","sim","nao","nao_listado","tato-registro","Conselhos de saúde (CRM/CRO/COREN/CRN/CRP/CREFITO/CRF)","","","alta","conselho: Conselhos de saúde (CRM/CRO/COREN/CRN/CRP/CREFITO/CRF)"
"8640-2/04","SERVIÇOS DE TOMOGRAFIA","Q","86","III/V","sim","nao","nao_listado","tato-registro","Conselhos de saúde (CRM/CRO/COREN/CRN/CRP/CREFITO/CRF)","","","alta","conselho: Conselhos de saúde (CRM/CRO/COREN/CRN/CRP/CREFITO/CRF)"
"8640-2/05","SERVIÇOS DE DIAGNÓSTICO POR IMAGEM COM USO DE RADIAÇÃO IONIZANTE, EXCETO TOMOGRAFIA","Q","86","III/V","sim","nao","nao_listado","tato-registro","Conselhos de saúde (CRM/CRO/COREN/CRN/CRP/CREFITO/CRF)","","","alta","conselho: Conselhos de saúde (CRM/CRO/COREN/CRN/CRP/CREFITO/CRF)"
"8640-2/06","SERVIÇOS DE RESSONÂNCIA MAGNÉTICA","Q","86","III/V","sim","nao","nao_listado","tato-registro","Conselhos de saúde (CRM/CRO/COREN/CRN/CRP/CREFITO/CRF)","","","alta","conselho: Conselhos de saúde (CRM/CRO/COREN/CRN/CRP/CREFITO/CRF)"
"8640-2/07","SERVIÇOS DE DIAGNÓSTICO POR IMAGEM SEM USO DE RADIAÇÃO IONIZANTE, EXCETO RESSONÂNCIA MAGNÉTICA","Q","86","III/V","sim","nao","nao_listado","tato-registro","Conselhos de saúde (CRM/CRO/COREN/CRN/CRP/CREFITO/CRF)","","","alta","conselho: Conselhos de saúde (CRM/CRO/COREN/CRN/CRP/CREFITO/CRF)"
"8640-2/08","SERVIÇOS DE DIAGNÓSTICO POR REGISTRO GRÁFICO - ECG, EEG E OUTROS EXAMES ANÁLOGOS","Q","86","III/V","sim","nao","nao_listado","tato-registro","Conselhos de saúde (CRM/CRO/COREN/CRN/CRP/CREFITO/CRF)","","","alta","conselho: Conselhos de saúde (CRM/CRO/COREN/CRN/CRP/CREFITO/CRF)"
"8640-2/09","SERVIÇOS DE DIAGNÓSTICO POR MÉTODOS ÓPTICOS - ENDOSCOPIA E OUTROS EXAMES ANÁLOGOS","Q","86","III/V","sim","nao","nao_listado","tato-registro","Conselhos de saúde (CRM/CRO/COREN/CRN/CRP/CREFITO/CRF)","","","alta","conselho: Conselhos de saúde (CRM/CRO/COREN/CRN/CRP/CREFITO/CRF)"
"8640-2/10","SERVIÇOS DE QUIMIOTERAPIA","Q","86","III/V","sim","nao","nao_listado","tato-registro","Conselhos de saúde (CRM/CRO/COREN/CRN/CRP/CREFITO/CRF)","","","alta","conselho: Conselhos de saúde (CRM/CRO/COREN/CRN/CRP/CREFITO/CRF)"
"8640-2/11","SERVIÇOS DE RADIOTERAPIA","Q","86","III/V","sim","nao","nao_listado","tato-registro","Conselhos de saúde (CRM/CRO/COREN/CRN/CRP/CREFITO/CRF)","","","alta","conselho: Conselhos de saúde (CRM/CRO/COREN/CRN/CRP/CREFITO/CRF)"
"8640-2/12","SERVIÇOS DE HEMOTERAPIA","Q","86","III/V","sim","nao","nao_listado","tato-registro","Conselhos de saúde (CRM/CRO/COREN/CRN/CRP/CREFITO/CRF)","","","alta","conselho: Conselhos de saúde (CRM/CRO/COREN/CRN/CRP/CREFITO/CRF)"
"8640-2/13","SERVIÇOS DE LITOTRIPCIA","Q","86","III/V","sim","nao","nao_listado","tato-registro","Conselhos de saúde (CRM/CRO/COREN/CRN/CRP/CREFITO/CRF)","","","alta","conselho: Conselhos de saúde (CRM/CRO/COREN/CRN/CRP/CREFITO/CRF)"
"8640-2/14","SERVIÇOS DE BANCOS DE CÉLULAS E TECIDOS HUMANOS","Q","86","III/V","sim","nao","nao_listado","tato-registro","Conselhos de saúde (CRM/CRO/COREN/CRN/CRP/CREFITO/CRF)","","","alta","conselho: Conselhos de saúde (CRM/CRO/COREN/CRN/CRP/CREFITO/CRF)"
"8640-2/99","ATIVIDADES DE SERVIÇOS DE COMPLEMENTAÇÃO DIAGNÓSTICA E TERAPÊUTICA NÃO ESPECIFICADAS ANTERIORMENTE","Q","86","III/V","sim","nao","nao_listado","tato-registro","Conselhos de saúde (CRM/CRO/COREN/CRN/CRP/CREFITO/CRF)","","","alta","conselho: Conselhos de saúde (CRM/CRO/COREN/CRN/CRP/CREFITO/CRF)"
"8650-0/01","ATIVIDADES DE ENFERMAGEM","Q","86","III/V","sim","nao","nao_listado","tato-registro","Conselhos de saúde (CRM/CRO/COREN/CRN/CRP/CREFITO/CRF)","","","alta","conselho: Conselhos de saúde (CRM/CRO/COREN/CRN/CRP/CREFITO/CRF)"
"8650-0/02","ATIVIDADES DE PROFISSIONAIS DA NUTRIÇÃO","Q","86","III/V","sim","nao","baixo_a","tato-registro","Conselhos de saúde (CRM/CRO/COREN/CRN/CRP/CREFITO/CRF)","","","alta","conselho: Conselhos de saúde (CRM/CRO/COREN/CRN/CRP/CREFITO/CRF)"
"8650-0/03","ATIVIDADES DE PSICOLOGIA E PSICANÁLISE","Q","86","III/V","sim","nao","baixo_a","tato-registro","Conselhos de saúde (CRM/CRO/COREN/CRN/CRP/CREFITO/CRF)","","","alta","conselho: Conselhos de saúde (CRM/CRO/COREN/CRN/CRP/CREFITO/CRF)"
"8650-0/04","ATIVIDADES DE FISIOTERAPIA","Q","86","III/V","sim","nao","baixo_a","tato-registro","Conselhos de saúde (CRM/CRO/COREN/CRN/CRP/CREFITO/CRF)","","","alta","conselho: Conselhos de saúde (CRM/CRO/COREN/CRN/CRP/CREFITO/CRF)"
"8650-0/05","ATIVIDADES DE TERAPIA OCUPACIONAL","Q","86","III/V","sim","nao","baixo_a","tato-registro","Conselhos de saúde (CRM/CRO/COREN/CRN/CRP/CREFITO/CRF)","","","alta","conselho: Conselhos de saúde (CRM/CRO/COREN/CRN/CRP/CREFITO/CRF)"
"8650-0/06","ATIVIDADES DE FONOAUDIOLOGIA","Q","86","III/V","sim","nao","baixo_a","tato-registro","Conselhos de saúde (CRM/CRO/COREN/CRN/CRP/CREFITO/CRF)","","","alta","conselho: Conselhos de saúde (CRM/CRO/COREN/CRN/CRP/CREFITO/CRF)"
"8650-0/07","ATIVIDADES DE TERAPIA DE NUTRIÇÃO ENTERAL E PARENTERAL","Q","86","III/V","sim","nao","nao_listado","tato-registro","Conselhos de saúde (CRM/CRO/COREN/CRN/CRP/CREFITO/CRF)","","","alta","conselho: Conselhos de saúde (CRM/CRO/COREN/CRN/CRP/CREFITO/CRF)"
"8650-0/99","ATIVIDADES DE PROFISSIONAIS DA ÁREA DE SAÚDE NÃO ESPECIFICADAS ANTERIORMENTE","Q","86","III/V","sim","nao","nao_listado","tato-registro","Conselhos de saúde (CRM/CRO/COREN/CRN/CRP/CREFITO/CRF)","","","alta","conselho: Conselhos de saúde (CRM/CRO/COREN/CRN/CRP/CREFITO/CRF)"
"8660-7/00","ATIVIDADES DE APOIO À GESTÃO DE SAÚDE","Q","86","III/V","sim","nao","baixo_a","tato-registro","Conselhos de saúde (CRM/CRO/COREN/CRN/CRP/CREFITO/CRF)","","","alta","conselho: Conselhos de saúde (CRM/CRO/COREN/CRN/CRP/CREFITO/CRF)"
"8690-9/01","ATIVIDADES DE PRÁTICAS INTEGRATIVAS E COMPLEMENTARES EM SAÚDE HUMANA","Q","86","III/V","sim","nao","nao_listado","tato-registro","Conselhos de saúde (CRM/CRO/COREN/CRN/CRP/CREFITO/CRF)","","","alta","conselho: Conselhos de saúde (CRM/CRO/COREN/CRN/CRP/CREFITO/CRF)"
"8690-9/02","ATIVIDADES DE BANCO DE LEITE HUMANO","Q","86","III/V","sim","nao","nao_listado","tato-registro","Conselhos de saúde (CRM/CRO/COREN/CRN/CRP/CREFITO/CRF)","","","alta","conselho: Conselhos de saúde (CRM/CRO/COREN/CRN/CRP/CREFITO/CRF)"
"8690-9/03","ATIVIDADES DE ACUPUNTURA","Q","86","III/V","sim","nao","nao_listado","tato-registro","Conselhos de saúde (CRM/CRO/COREN/CRN/CRP/CREFITO/CRF)","","","alta","conselho: Conselhos de saúde (CRM/CRO/COREN/CRN/CRP/CREFITO/CRF)"
"8690-9/04","ATIVIDADES DE PODOLOGIA","Q","86","III/V","sim","nao","nao_listado","tato-registro","Conselhos de saúde (CRM/CRO/COREN/CRN/CRP/CREFITO/CRF)","","","alta","conselho: Conselhos de saúde (CRM/CRO/COREN/CRN/CRP/CREFITO/CRF)"
"8690-9/99","OUTRAS ATIVIDADES DE ATENÇÃO À SAÚDE HUMANA NÃO ESPECIFICADAS ANTERIORMENTE","Q","86","III/V","sim","nao","nao_listado","tato-registro","Conselhos de saúde (CRM/CRO/COREN/CRN/CRP/CREFITO/CRF)","","","alta","conselho: Conselhos de saúde (CRM/CRO/COREN/CRN/CRP/CREFITO/CRF)"
"8711-5/01","CLÍNICAS E RESIDÊNCIAS GERIÁTRICAS","Q","87","III/V","sim","nao","nao_listado","tato-registro","Conselhos de saúde (CRM/CRO/COREN/CRN/CRP/CREFITO/CRF)","","","alta","conselho: Conselhos de saúde (CRM/CRO/COREN/CRN/CRP/CREFITO/CRF)"
"8711-5/02","INSTITUIÇÕES DE LONGA PERMANÊNCIA PARA IDOSOS","Q","87","III","nao","nao","nao_listado","tato-registro","Conselhos de saúde (CRM/CRO/COREN/CRN/CRP/CREFITO/CRF)","","","alta","conselho: Conselhos de saúde (CRM/CRO/COREN/CRN/CRP/CREFITO/CRF)"
"8712-3/00","ATIVIDADES DE FORNECIMENTO DE INFRAESTRUTURA DE APOIO E ASSISTÊNCIA A PACIENTE NO DOMICÍLIO","Q","87","III","nao","sim","nao_listado","tato-registro","Conselhos de saúde (CRM/CRO/COREN/CRN/CRP/CREFITO/CRF)","","","alta","conselho: Conselhos de saúde (CRM/CRO/COREN/CRN/CRP/CREFITO/CRF)"
"9001-9/01","PRODUÇÃO TEATRAL","R","90","III","nao","sim","baixo_a","liso","","","","alta","baixo-risco-A CGSIM + sem conselho/setorial"
"9001-9/02","PRODUÇÃO MUSICAL","R","90","III","nao","sim","baixo_a","liso","","","","alta","baixo-risco-A CGSIM + sem conselho/setorial"
"9001-9/03","PRODUÇÃO DE ESPETÁCULOS DE DANÇA","R","90","III","nao","nao","baixo_a","liso","","","","alta","baixo-risco-A CGSIM + sem conselho/setorial"
"9001-9/04","PRODUÇÃO DE ESPETÁCULOS CIRCENSES, DE MARIONETES E SIMILARES","R","90","III","nao","nao","baixo_a","liso","","","","alta","baixo-risco-A CGSIM + sem conselho/setorial"
"9001-9/05","PRODUÇÃO DE ESPETÁCULOS DE RODEIOS, VAQUEJADAS E SIMILARES","R","90","III","nao","nao","nao_listado","verificar-licenciamento","","","","media","fora do baixo-risco-A CGSIM → licença municipal (médio provisório OU alto vistoria; nível é municipal/BH)"
"9001-9/06","ATIVIDADES DE SONORIZAÇÃO E DE ILUMINAÇÃO","R","90","III","nao","sim","nao_listado","verificar-licenciamento","","","","media","fora do baixo-risco-A CGSIM → licença municipal (médio provisório OU alto vistoria; nível é municipal/BH)"
"9001-9/99","ARTES CÊNICAS, ESPETÁCULOS E ATIVIDADES COMPLEMENTARES NÃO ESPECIFICADAS ANTERIORMENTE","R","90","III","nao","nao","nao_listado","verificar-licenciamento","","","","media","fora do baixo-risco-A CGSIM → licença municipal (médio provisório OU alto vistoria; nível é municipal/BH)"
"9002-7/01","ATIVIDADES DE ARTISTAS PLÁSTICOS, JORNALISTAS INDEPENDENTES E ESCRITORES","R","90","III/V","sim","nao","baixo_a","liso","","","","alta","baixo-risco-A CGSIM + sem conselho/setorial"
"9002-7/02","RESTAURAÇÃO DE OBRAS DE ARTE","R","90","III","nao","sim","baixo_a","liso","","","","alta","baixo-risco-A CGSIM + sem conselho/setorial"
"9003-5/00","GESTÃO DE ESPAÇOS PARA ARTES CÊNICAS, ESPETÁCULOS E OUTRAS ATIVIDADES ARTÍSTICAS","R","90","III","nao","nao","nao_listado","verificar-licenciamento","","","","media","fora do baixo-risco-A CGSIM → licença municipal (médio provisório OU alto vistoria; nível é municipal/BH)"
"9101-5/00","ATIVIDADES DE BIBLIOTECAS E ARQUIVOS","R","91","III","nao","nao","nao_listado","verificar-licenciamento","","","","media","fora do baixo-risco-A CGSIM → licença municipal (médio provisório OU alto vistoria; nível é municipal/BH)"
"9102-3/01","ATIVIDADES DE MUSEUS E DE EXPLORAÇÃO DE LUGARES E PRÉDIOS HISTÓRICOS E ATRAÇÕES SIMILARES","R","91","III","nao","nao","nao_listado","verificar-licenciamento","","","","media","fora do baixo-risco-A CGSIM → licença municipal (médio provisório OU alto vistoria; nível é municipal/BH)"
"9102-3/02","RESTAURAÇÃO E CONSERVAÇÃO DE LUGARES E PRÉDIOS HISTÓRICOS","R","91","III","nao","nao","baixo_a","liso","","","","alta","baixo-risco-A CGSIM + sem conselho/setorial"
"9311-5/00","GESTÃO DE INSTALAÇÕES DE ESPORTES","R","93","III","nao","nao","nao_listado","verificar-licenciamento","","","","media","fora do baixo-risco-A CGSIM → licença municipal (médio provisório OU alto vistoria; nível é municipal/BH)"
"9313-1/00","ATIVIDADES DE CONDICIONAMENTO FÍSICO","R","93","III/V","sim","nao","nao_listado","tato-registro","CREF (educação física)","","","media","conselho: CREF (educação física)"
"9319-1/01","PRODUÇÃO E PROMOÇÃO DE EVENTOS ESPORTIVOS","R","93","III","nao","nao","baixo_a","liso","","","","alta","baixo-risco-A CGSIM + sem conselho/setorial"
"9319-1/99","OUTRAS ATIVIDADES ESPORTIVAS NÃO ESPECIFICADAS ANTERIORMENTE","R","93","III/V","sim","nao","nao_listado","verificar-licenciamento","","","","media","fora do baixo-risco-A CGSIM → licença municipal (médio provisório OU alto vistoria; nível é municipal/BH)"
"9329-8/02","EXPLORAÇÃO DE BOLICHES","R","93","III","nao","nao","nao_listado","verificar-licenciamento","","","","media","fora do baixo-risco-A CGSIM → licença municipal (médio provisório OU alto vistoria; nível é municipal/BH)"
"9329-8/03","EXPLORAÇÃO DE JOGOS DE SINUCA, BILHAR E SIMILARES","R","93","III","nao","sim","baixo_a","liso","","","","alta","baixo-risco-A CGSIM + sem conselho/setorial"
"9329-8/04","EXPLORAÇÃO DE JOGOS ELETRÔNICOS RECREATIVOS","R","93","III","nao","sim","baixo_a","liso","","","","alta","baixo-risco-A CGSIM + sem conselho/setorial"
"9329-8/99","OUTRAS ATIVIDADES DE RECREAÇÃO E LAZER NÃO ESPECIFICADAS ANTERIORMENTE","R","93","III","nao","sim","nao_listado","verificar-licenciamento","","","","media","fora do baixo-risco-A CGSIM → licença municipal (médio provisório OU alto vistoria; nível é municipal/BH)"
"9511-8/00","REPARAÇÃO E MANUTENÇÃO DE COMPUTADORES E DE EQUIPAMENTOS PERIFÉRICOS","S","95","III","nao","sim","baixo_a","liso","","","","alta","baixo-risco-A CGSIM + sem conselho/setorial"
"9512-6/00","REPARAÇÃO E MANUTENÇÃO DE EQUIPAMENTOS DE COMUNICAÇÃO","S","95","III","nao","sim","baixo_a","liso","","","","alta","baixo-risco-A CGSIM + sem conselho/setorial"
"9521-5/00","REPARAÇÃO E MANUTENÇÃO DE EQUIPAMENTOS ELETROELETRÔNICOS DE USO PESSOAL E DOMÉSTICO","S","95","III","nao","sim","baixo_a","liso","","","","alta","baixo-risco-A CGSIM + sem conselho/setorial"
"9529-1/01","REPARAÇÃO DE CALÇADOS, DE BOLSAS E ARTIGOS DE VIAGEM","S","95","III","nao","sim","baixo_a","liso","","","","alta","baixo-risco-A CGSIM + sem conselho/setorial"
"9529-1/02","CHAVEIROS","S","95","III","nao","sim","baixo_a","liso","","","","alta","baixo-risco-A CGSIM + sem conselho/setorial"
"9529-1/03","REPARAÇÃO DE RELÓGIOS","S","95","III","nao","sim","baixo_a","liso","","","","alta","baixo-risco-A CGSIM + sem conselho/setorial"
"9529-1/05","REPARAÇÃO DE ARTIGOS DO MOBILIÁRIO","S","95","III","nao","sim","baixo_a","liso","","","","alta","baixo-risco-A CGSIM + sem conselho/setorial"
"9529-1/06","REPARAÇÃO DE JÓIAS","S","95","III","nao","sim","baixo_a","liso","","","","alta","baixo-risco-A CGSIM + sem conselho/setorial"
"9529-1/99","REPARAÇÃO E MANUTENÇÃO DE OUTROS OBJETOS E EQUIPAMENTOS PESSOAIS E DOMÉSTICOS NÃO ESPECIFICADOS ANTERIORMENTE","S","95","III","nao","sim","baixo_a","liso","","","","alta","baixo-risco-A CGSIM + sem conselho/setorial"
"9601-7/01","LAVANDERIAS","S","96","III","nao","sim","nao_listado","verificar-licenciamento","","","","media","fora do baixo-risco-A CGSIM → licença municipal (médio provisório OU alto vistoria; nível é municipal/BH)"
"9601-7/02","TINTURARIAS","S","96","III","nao","sim","nao_listado","verificar-licenciamento","","","","media","fora do baixo-risco-A CGSIM → licença municipal (médio provisório OU alto vistoria; nível é municipal/BH)"
"9601-7/03","TOALHEIROS","S","96","III","nao","sim","nao_listado","verificar-licenciamento","","","","media","fora do baixo-risco-A CGSIM → licença municipal (médio provisório OU alto vistoria; nível é municipal/BH)"
"9602-5/01","CABELEIREIROS, MANICURE E PEDICURE","S","96","III","nao","sim","baixo_a","liso","","","","alta","baixo-risco-A CGSIM + sem conselho/setorial"
"9602-5/02","ATIVIDADES DE ESTÉTICA E OUTROS SERVIÇOS DE CUIDADOS COM A BELEZA","S","96","III","nao","sim","nao_listado","verificar-licenciamento","","","","media","fora do baixo-risco-A CGSIM → licença municipal (médio provisório OU alto vistoria; nível é municipal/BH)"
"9609-2/02","AGÊNCIAS MATRIMONIAIS","S","96","III","nao","sim","baixo_a","liso","","","","alta","baixo-risco-A CGSIM + sem conselho/setorial"
"9609-2/05","ATIVIDADES DE SAUNA E BANHOS","S","96","III","nao","nao","nao_listado","verificar-licenciamento","","","","media","fora do baixo-risco-A CGSIM → licença municipal (médio provisório OU alto vistoria; nível é municipal/BH)"
"9609-2/06","SERVIÇOS DE TATUAGEM E COLOCAÇÃO DE PIERCING","S","96","III","nao","sim","nao_listado","verificar-licenciamento","","","","media","fora do baixo-risco-A CGSIM → licença municipal (médio provisório OU alto vistoria; nível é municipal/BH)"
"9609-2/07","ALOJAMENTO DE ANIMAIS DOMÉSTICOS","S","96","III","nao","sim","nao_listado","verificar-licenciamento","","","","media","fora do baixo-risco-A CGSIM → licença municipal (médio provisório OU alto vistoria; nível é municipal/BH)"
"9609-2/08","HIGIENE E EMBELEZAMENTO DE ANIMAIS DOMÉSTICOS","S","96","III","nao","sim","nao_listado","verificar-licenciamento","","","","media","fora do baixo-risco-A CGSIM → licença municipal (médio provisório OU alto vistoria; nível é municipal/BH)"
"9609-2/99","OUTRAS ATIVIDADES DE SERVIÇOS PESSOAIS NÃO ESPECIFICADAS ANTERIORMENTE","S","96","III","nao","sim","nao_listado","verificar-licenciamento","","","","media","fora do baixo-risco-A CGSIM → licença municipal (médio provisório OU alto vistoria; nível é municipal/BH)"