code,friendly_title,friendly_description
7729201,"Aluguel de videogame, console e fliperama","Aluguel de consoles, videogames, fliperamas e brinquedos eletrônicos. Você aluga o aparelho; explorar o jogo no seu ponto é outra atividade."
7729202,"Aluguel de móveis, eletrodomésticos e instrumentos","Aluguel de móveis, cadeiras, eletrodomésticos, ar-condicionado e instrumentos musicais para uso doméstico ou pessoal."
7729203,"Aluguel de material médico, cadeira de rodas e muleta","Aluguel de cadeira de rodas, cama hospitalar, muletas, inaladores e material médico em geral."
5590601,Albergue e hostel,"Hospedagem em albergue ou hostel, com cama por noite ou quarto compartilhado. Não cobre albergue assistencial, que é serviço social."
5590603,Pensão e casa de cômodos,"Hospedagem em pensão, com ou sem refeição incluída."
5811500,"Edição de livro, e-book e apostila","Edição de livros impressos e digitais, e-books, audiolivros, apostilas, dicionários e atlas."
5812301,Edição de jornal diário,"Edição de jornal que sai todo dia, impresso, eletrônico ou na internet."
5812302,Edição de jornal semanal ou mensal,"Edição de jornal que não sai todo dia: semanal, quinzenal ou mensal, impresso ou na internet."
5813100,Edição de revistas,"Edição de revistas e publicações periódicas, impressas, eletrônicas ou na internet."
6201502,Web design: criação de sites e páginas na internet,"Criação e desenvolvimento de sites, portais e páginas na internet."
5819100,"Edição de catálogos, listas e guias","Edição de catálogos, listas, guias, calendários, cartões-postais e cartões de felicitação."
5911102,Produção de vídeo publicitário e comercial de TV,"Produção de comercial de TV, filme institucional e vídeo para campanha publicitária."
5912001,Dublagem,"Dublagem de filmes, séries, programas de televisão e vídeos."
5912002,Mixagem e edição de som,"Mixagem sonora para filme, vídeo e programa de televisão."
7220700,Pesquisa em ciências sociais e humanas,"Pesquisa e desenvolvimento em direito, economia, linguística, arqueologia, artes e áreas afins."
5920100,Estúdio de gravação e edição musical,"Gravação de som, edição de música e gestão de direitos autorais de obras musicais."
6201501,"Desenvolvimento de software, app e sistema sob encomenda","Criação de sistema, aplicativo ou banco de dados feito sob medida para um cliente específico."
6202300,Desenvolvimento de software customizável,Desenvolvimento e licenciamento de software que você adapta para cada cliente.
6203100,Desenvolvimento de software pronto,"Desenvolvimento e licenciamento de software vendido igual para todo mundo, sem adaptação por cliente."
6204000,Consultoria e assessoria em TI e informática,"Consultoria, assessoria e auditoria em sistemas, software e infraestrutura de informática."
6209100,"Suporte técnico, help desk e informática","Help-desk, instalação, configuração e manutenção de sistemas e equipamentos de informática."
6311900,Hospedagem de sites e tratamento de dados,"Hospedagem na internet, gestão de banco de dados de terceiros e processamento de dados."
6391700,Agência de notícias,"Apuração, produção e distribuição de material noticioso para veículos de imprensa."
7722500,"Locadora de filme, DVD e CD","Aluguel de DVD, Blu-ray, CD e cartuchos de videogame."
7723300,"Aluguel de roupa, fantasia, traje de noiva e joia","Aluguel de roupa, traje de festa, enxoval de noiva, calçado, joia e acessório."
7210000,Pesquisa em ciências exatas e naturais,"Pesquisa e desenvolvimento em agronomia, biologia, biomedicina, física, química e áreas afins."
7311400,Agência de publicidade e propaganda,"Criação de campanha publicitária, propaganda e material de anúncio para clientes."
7312200,Venda e aluguel de espaço publicitário e outdoor,"Aluguel e revenda de espaço físico para publicidade: outdoor, busdoor, cartaz e painel. Não cobre espaço em rádio, TV e jornal."
7319002,Promoção de vendas,"Demonstração de produto em ponto de venda, panfletagem e distribuição de material promocional."
7319003,Marketing direto,"Marketing e publicidade por mala direta, telefone e canais diretos com o cliente."
7319004,"Consultoria em marketing, publicidade e branding","Consultoria e assessoria em marketing, branding e gestão de marca."
7320300,Pesquisa de mercado e de opinião,"Levantamento e análise de dados de mercado e de opinião pública, incluindo a análise estatística."
7410202,Design de interiores,"Projeto e decoração de ambientes, além de vitrine e organização visual de loja."
7410203,"Design de produto, desenho industrial e estilista","Desenho industrial e criação de produto, roupa, joia e maquete."
7410299,Design gráfico e outros designs,"Criação de logotipo, identidade visual, arte gráfica digital e design de jogos, sem a programação."
7420001,Fotografia,"Fotografia em estúdio, de evento, de imprensa e por conta própria. Não cobre foto aérea nem submarina."
7420003,Laboratório e revelação fotográfica,"Revelação de fotos, montagem de slides e edição de imagem fotográfica."
7420004,"Filmagem de festa, casamento e evento","Gravação e produção de vídeo de festa, casamento e evento cultural."
7420005,Microfilmagem e digitalização de acervo,Microfilmagem de documentos e acervos.
7490101,"Tradutor, tradução e revisão de texto","Tradução de textos, interpretação, revisão gramatical e copywriting."
7490104,Representação comercial e intermediação de negócios,"Aproximar quem compra e quem vende: intermediação de contratos, serviços e negócios em geral. Não cobre negócio imobiliário."
7490105,"Agente e agenciamento de atleta, modelo e artista","Empresariamento de atleta, ator, modelo e artista para atividade esportiva, cultural ou artística."
7721700,"Aluguel de brinquedo, pula-pula e equipamento esportivo","Aluguel de bicicleta, barco de lazer, pula-pula, tobogã e brinquedo não eletrônico, sem operar o equipamento."
7729299,"Aluguel de planta, flor, peruca e outros objetos","Aluguel de itens que não cabem nas outras listas: livros, plantas e flores, peruca, decoração de Natal."
7733100,"Aluguel de computador, impressora e equipamento de escritório","Aluguel de computador, celular, data-show, caixa registradora e máquina de escritório."
8591100,"Aulas e escolinha de esporte, natação e artes marciais","Escolinha e aulas de futebol, natação, artes marciais, capoeira, atletismo e outros esportes."
8220200,Teleatendimento e call center,"Atendimento a clientes por telefone para outras empresas: SAC, central de atendimento e call center."
8592901,"Aulas de dança, ballet e dança de salão","Aulas e academia de dança: balé, dança de salão, dança popular e folclórica."
8211300,"Escritório, recepção e arquivo de documentos","Recepção, arquivo de documentos e apoio operacional combinados, para empresas e profissionais liberais."
8219901,"Xerox, fotocópia e impressão","Xerox, cópia, digitalização e impressão de documentos."
8230001,"Organização de evento, festa infantil e congresso","Organização de feira, congresso, exposição, festa infantil e festa de família, e a gestão do espaço do evento."
8291100,"Cobrança, consulta cadastral e crédito","Cobrança de faturas e dívidas para terceiros, análise de cadastro e aprovação de crédito."
8292000,Envase e empacotamento para terceiros,"Envasar, fracionar e empacotar produtos de outras empresas, sob contrato."
8299703,Gravação de carimbos,"Gravação de carimbos. Não cobre a fabricação do carimbo, que é indústria."
8299707,Lan house e sala de internet,"Sala com computadores para acesso à internet, digitação, escaneamento e apoio administrativo."
8599603,Curso de informática,"Aulas e cursos de informática, computador e uso da internet."
8599604,"Curso profissionalizante, treinamento e palestra","Cursos de capacitação profissional, aperfeiçoamento e treinamento gerencial, presenciais ou a distância."
8599605,"Cursinho preparatório: concurso, vestibular e ENEM","Cursinho para concurso público, vestibular e ENEM."
8592902,Aulas de teatro e artes cênicas,"Aulas de teatro, impostação de voz e direção de espetáculo. Não cobre dança nem curso de nível técnico ou superior."
8592903,Aulas de música e conservatório,"Aulas de música e conservatório, sem ser curso superior."
8592999,"Aulas de artesanato, pintura e outras artes","Aulas de artesanato, pintura, escultura e outras artes não listadas em outra atividade."
8593700,"Aulas de idiomas: inglês, espanhol e libras","Cursos de inglês, espanhol, francês e outros idiomas, incluindo exame de proficiência."
9609202,Agência matrimonial,Agência de casamento e de encontros.
9529103,Relojoeiro: conserto de relógio,"Conserto de relógio, cronômetro e artigos de relojoaria."
9002702,Restauração de obras de arte,"Restauração de quadro, escultura, imagem sacra e objeto de arte."
9001901,"Produção de teatro, companhia teatral e ator","Companhia de teatro, ator independente e produção de espetáculo teatral."
9001902,"Produção musical, banda, cantor e músico","Banda, cantor, intérprete, autoria e arranjo musical."
9001903,Produção de espetáculo de dança,"Companhia e conjunto de dança, incluindo dança folclórica, e a produção do espetáculo."
9001904,Produção de circo e teatro de bonecos,"Circo, espetáculo circense, fantoche e marionete."
9002701,"Artista plástico, escritor, jornalista e cartunista","Trabalho independente de artista plástico, escritor, jornalista, cartunista, caligrafista e criador de desenho animado."
9102302,Restauração de prédios históricos,Conservação e restauro de prédio tombado e imóvel de valor histórico. Não cobre o projeto de arquitetura.
9319101,Organização de eventos esportivos,"Produção e promoção de competição esportiva, além de associação e federação de esporte."
9329803,Salão de sinuca e bilhar,Exploração de mesa de sinuca e bilhar no seu ponto.
9329804,Fliperama e jogos eletrônicos,"Exploração de fliperama, jogo eletrônico e cyber café com foco em jogos."
9511800,Conserto de computador e notebook,"Assistência técnica em computador, notebook e equipamento de informática."
9512600,"Conserto de celular, telefone e câmera","Conserto de celular, telefone, câmera de vídeo e equipamento de comunicação."
9521500,"Conserto de eletrodoméstico, eletrônico e antena","Conserto de eletrodoméstico, eletrônico de uso pessoal, antena e alarme residencial."
9529101,Sapateiro: conserto de calçado e bolsa,"Sapataria: conserto e renovação de calçado, bolsa e artigo de viagem."
9529102,Chaveiro,Cópia de chave e conserto de fechadura e cadeado.
9529104,Oficina e conserto de bicicleta,"Oficina de bicicleta, bicicleta elétrica, triciclo e cadeira de rodas não motorizada."
9529105,"Conserto de móveis, estofador e tapeceiro","Conserto de móvel, armário, tapeçaria e estofamento."
9529106,Conserto de joias,Conserto e gravação em joias.
9529199,Amolador de facas e conserto de outros objetos,"Conserto que não cabe nas outras listas: amolar facas e cutelaria, artigos de borracha, acessórios de roupa."
9602501,"Cabeleireiro, manicure e pedicure","Salão de beleza, barbearia, corte, alisamento, manicure, pedicure e podologia."
7490199,"Consultoria em moda, imagem e outros serviços técnicos","Consultoria técnica que não cabe nas outras listas: culinária, moda e imagem pessoal, projetos culturais, sommelier."
8219999,Digitação e preparação de documentos,"Redação e conferência de texto, elaboração de crachá e cartão de visita, assessoria para visto e passaporte."
6319400,"Portal, site de conteúdo e gestão de redes sociais","Portal de conteúdo na internet, gestão de redes sociais para terceiros e banco de informação para consulta."
