cnae,descricao,secao,divisao,anexo,fator_r,pode_mei
"3250-7/06","SERVIÇOS DE PRÓTESE DENTÁRIA","C","32","III/V","sim","nao"
"3312-1/02","MANUTENÇÃO E REPARAÇÃO DE APARELHOS E INSTRUMENTOS DE MEDIDA, TESTE E CONTROLE","C","33","III","nao","nao"
"3312-1/04","MANUTENÇÃO E REPARAÇÃO DE EQUIPAMENTOS E INSTRUMENTOS ÓPTICOS","C","33","III","nao","nao"
"3313-9/02","MANUTENÇÃO E REPARAÇÃO DE BATERIAS E ACUMULADORES ELÉTRICOS, EXCETO PARA VEÍCULOS","C","33","III","nao","sim"
"3314-7/01","MANUTENÇÃO E REPARAÇÃO DE MÁQUINAS MOTRIZES NÃO ELÉTRICAS","C","33","III","nao","sim"
"3314-7/02","MANUTENÇÃO E REPARAÇÃO DE EQUIPAMENTOS HIDRÁULICOS E PNEUMÁTICOS, EXCETO VÁLVULAS","C","33","III","nao","sim"
"3314-7/03","MANUTENÇÃO E REPARAÇÃO DE VÁLVULAS INDUSTRIAIS","C","33","III","nao","nao"
"3314-7/06","MANUTENÇÃO E REPARAÇÃO DE MÁQUINAS, APARELHOS E EQUIPAMENTOS PARA INSTALAÇÕES TÉRMICAS","C","33","III","nao","sim"
"3314-7/07","MANUTENÇÃO E REPARAÇÃO DE MÁQUINAS E APARELHOS DE REFRIGERAÇÃO E VENTILAÇÃO PARA USO INDUSTRIAL E COMERCIAL","C","33","III","nao","sim"
"3314-7/09","MANUTENÇÃO E REPARAÇÃO DE MÁQUINAS DE ESCREVER, CALCULAR E DE OUTROS EQUIPAMENTOS NÃO ELETRÔNICOS PARA ESCRITÓRIO","C","33","III","nao","sim"
"3314-7/12","MANUTENÇÃO E REPARAÇÃO DE TRATORES AGRÍCOLAS","C","33","III","nao","sim"
"3314-7/13","MANUTENÇÃO E REPARAÇÃO DE MÁQUINAS FERRAMENTA","C","33","III","nao","nao"
"4520-0/01","SERVIÇOS DE MANUTENÇÃO E REPARAÇÃO MECÂNICA DE VEÍCULOS AUTOMOTORES","G","45","III","nao","sim"
"4520-0/02","SERVIÇOS DE LANTERNAGEM OU FUNILARIA E PINTURA DE VEÍCULOS AUTOMOTORES","G","45","III","nao","sim"
"4520-0/03","SERVIÇOS DE MANUTENÇÃO E REPARAÇÃO ELÉTRICA DE VEÍCULOS AUTOMOTORES","G","45","III","nao","sim"
"4520-0/04","SERVIÇOS DE ALINHAMENTO E BALANCEAMENTO DE VEÍCULOS AUTOMOTORES","G","45","III","nao","nao"
"4520-0/05","SERVIÇOS DE LAVAGEM, LUBRIFICAÇÃO E POLIMENTO DE VEÍCULOS AUTOMOTORES","G","45","III/IV","nao","sim"
"4520-0/06","SERVIÇOS DE BORRACHARIA PARA VEÍCULOS AUTOMOTORES","G","45","III","nao","sim"
"4520-0/07","SERVIÇOS DE INSTALAÇÃO, MANUTENÇÃO E REPARAÇÃO DE ACESSÓRIOS PARA VEÍCULOS AUTOMOTORES","G","45","III","nao","sim"
"4520-0/08","SERVIÇOS DE CAPOTARIA","G","45","III","nao","sim"
"4543-9/00","MANUTENÇÃO E REPARAÇÃO DE MOTOCICLETAS E MOTONETAS","G","45","III","nao","sim"
"5590-6/01","ALBERGUES, EXCETO ASSISTENCIAIS","I","55","III","nao","sim"
"5590-6/03","PENSÕES(ALOJAMENTO)","I","55","III","nao","sim"
"5911-1/02","PRODUÇÃO DE FILMES PARA PUBLICIDADE","J","59","III","nao","nao"
"5912-0/01","SERVIÇOS DE DUBLAGEM","J","59","III","nao","sim"
"5912-0/02","SERVIÇOS DE MIXAGEM SONORA EM PRODUÇÃO AUDIOVISUAL","J","59","III","nao","nao"
"5920-1/00","ATIVIDADES DE GRAVAÇÃO DE SOM E DE EDIÇÃO DE MÚSICA","J","59","III","nao","nao"
"6201-5/01","DESENVOLVIMENTO DE PROGRAMAS DE COMPUTADOR SOB ENCOMENDA","J","62","III/V","sim","nao"
"6201-5/02","WEB DESIGN","J","62","III/V","sim","nao"
"6202-3/00","DESENVOLVIMENTO E LICENCIAMENTO DE PROGRAMAS DE COMPUTADOR CUSTOMIZÁVEIS","J","62","III/V","sim","nao"
"6203-1/00","DESENVOLVIMENTO E LICENCIAMENTO DE PROGRAMAS DE COMPUTADOR NÃO CUSTOMIZÁVEIS","J","62","III/V","sim","nao"
"6204-0/00","CONSULTORIA EM TECNOLOGIA DA INFORMAÇÃO","J","62","III/V","sim","nao"
"6209-1/00","SUPORTE TÉCNICO, MANUTENÇÃO E OUTROS SERVIÇOS EM TECNOLOGIA DA INFORMAÇÃO","J","62","III/V","sim","nao"
"6311-9/00","TRATAMENTO DE DADOS, PROVEDORES DE SERVIÇOS DE APLICAÇÃO E SERVIÇOS DE HOSPEDAGEM NA INTERNET","J","63","III/V","sim","nao"
"6319-4/00","PORTAIS, PROVEDORES DE CONTEÚDO E OUTROS SERVIÇOS DE INFORMAÇÃO NA INTERNET","J","63","III/V","sim","nao"
"6391-7/00","AGÊNCIAS DE NOTÍCIAS","J","63","III","nao","nao"
"7020-4/00","ATIVIDADES DE CONSULTORIA EM GESTÃO EMPRESARIAL, EXCETO CONSULTORIA TÉCNICA ESPECÍFICA","M","70","III/V","sim","nao"
"7210-0/00","PESQUISA E DESENVOLVIMENTO EXPERIMENTAL EM CIÊNCIAS FÍSICAS E NATURAIS","M","72","III/V","sim","nao"
"7220-7/00","PESQUISA E DESENVOLVIMENTO EXPERIMENTAL EM CIÊNCIAS SOCIAIS E HUMANAS","M","72","III/V","sim","nao"
"7311-4/00","AGÊNCIAS DE PUBLICIDADE","M","73","III/V","sim","nao"
"7312-2/00","AGENCIAMENTO DE ESPAÇOS PARA PUBLICIDADE, EXCETO EM VEÍCULOS DE COMUNICAÇÃO","M","73","III/V","sim","nao"
"7319-0/02","PROMOÇÃO DE VENDAS","M","73","III","nao","sim"
"7319-0/03","MARKETING DIRETO","M","73","III","nao","nao"
"7319-0/04","CONSULTORIA EM PUBLICIDADE","M","73","III/V","sim","nao"
"7320-3/00","PESQUISAS DE MERCADO E DE OPINIÃO PÚBLICA","M","73","III/V","sim","nao"
"7410-2/02","DESIGN DE INTERIORES","M","74","III/IV/V","sim","nao"
"7410-2/03","DESIGN DE PRODUTO","M","74","III/V","sim","nao"
"7410-2/99","ATIVIDADES DE DESIGN NÃO ESPECIFICADAS ANTERIORMENTE","M","74","III/V","sim","nao"
"7420-0/01","ATIVIDADES DE PRODUÇÃO DE FOTOGRAFIAS, EXCETO AÉREA E SUBMARINA","M","74","III","nao","sim"
"7420-0/03","LABORATÓRIOS FOTOGRÁFICOS","M","74","III","nao","sim"
"7420-0/04","FILMAGEM DE FESTAS E EVENTOS","M","74","III","nao","sim"
"7420-0/05","SERVIÇOS DE MICROFILMAGEM","M","74","III","nao","nao"
"7490-1/01","SERVIÇOS DE TRADUÇÃO, INTERPRETAÇÃO E SIMILARES","M","74","III/V","sim","nao"
"7490-1/03","SERVIÇOS DE AGRONOMIA E DE CONSULTORIA ÀS ATIVIDADES AGRÍCOLAS E PECUÁRIAS","M","74","III/V","sim","nao"
"7490-1/04","ATIVIDADES DE INTERMEDIAÇÃO E AGENCIAMENTO DE SERVIÇOS E NEGÓCIOS EM GERAL, EXCETO IMOBILIÁRIOS","M","74","III/V","sim","nao"
"7490-1/05","AGENCIAMENTO DE PROFISSIONAIS PARA ATIVIDADES ESPORTIVAS, CULTURAIS E ARTÍSTICAS","M","74","III/V","sim","nao"
"7490-1/99","OUTRAS ATIVIDADES PROFISSIONAIS, CIENTÍFICAS E TÉCNICAS NÃO ESPECIFICADAS ANTERIORMENTE","M","74","III/V","sim","nao"
"7721-7/00","ALUGUEL DE EQUIPAMENTOS RECREATIVOS E ESPORTIVOS","N","77","III","nao","sim"
"7722-5/00","ALUGUEL DE FITAS DE VÍDEO, DVDS E SIMILARES","N","77","III","nao","sim"
"7723-3/00","ALUGUEL DE OBJETOS DO VESTUÁRIO, JÓIAS E ACESSÓRIOS","N","77","III","nao","sim"
"7729-2/01","ALUGUEL DE APARELHOS DE JOGOS ELETRÔNICOS","N","77","III","nao","sim"
"7729-2/02","ALUGUEL DE MÓVEIS, UTENSÍLIOS E APARELHOS DE USO DOMÉSTICO E PESSOAL; INSTRUMENTOS MUSICAIS","N","77","III","nao","sim"
"7729-2/03","ALUGUEL DE MATERIAL MÉDICO","N","77","III","nao","sim"
"7729-2/99","ALUGUEL DE OUTROS OBJETOS PESSOAIS E DOMÉSTICOS NÃO ESPECIFICADOS ANTERIORMENTE","N","77","III","nao","sim"
"7733-1/00","ALUGUEL DE MÁQUINAS E EQUIPAMENTOS PARA ESCRITÓRIOS","N","77","III","nao","sim"
"8211-3/00","SERVIÇOS COMBINADOS DE ESCRITÓRIO E APOIO ADMINISTRATIVO","N","82","III","nao","nao"
"8219-9/01","FOTOCÓPIAS","N","82","III","nao","sim"
"8219-9/99","PREPARAÇÃO DE DOCUMENTOS E SERVIÇOS ESPECIALIZADOS DE APOIO ADMINISTRATIVO NÃO ESPECIFICADOS ANTERIORMENTE","N","82","III","nao","sim"
"8220-2/00","ATIVIDADES DE TELEATENDIMENTO","N","82","III","nao","nao"
"8230-0/01","SERVIÇOS DE ORGANIZAÇÃO DE FEIRAS, CONGRESSOS, EXPOSIÇÕES E FESTAS","N","82","III","nao","sim"
"8291-1/00","ATIVIDADES DE COBRANÇAS E INFORMAÇÕES CADASTRAIS","N","82","III","nao","sim"
"8299-7/03","SERVIÇOS DE GRAVAÇÃO DE CARIMBOS, EXCETO CONFECÇÃO","N","82","III","nao","sim"
"8299-7/07","SALAS DE ACESSO À INTERNET","N","82","III","nao","sim"
"8591-1/00","ENSINO DE ESPORTES","P","85","III","sim","nao"
"8592-9/01","ENSINO DE DANÇA","P","85","III/V","sim","nao"
"8592-9/02","ENSINO DE ARTES CÊNICAS, EXCETO DANÇA","P","85","III","nao","sim"
"8592-9/03","ENSINO DE MÚSICA","P","85","III","nao","sim"
"8592-9/99","ENSINO DE ARTE E CULTURA NÃO ESPECIFICADO ANTERIORMENTE","P","85","III","nao","sim"
"8593-7/00","ENSINO DE IDIOMAS","P","85","III","nao","sim"
"8599-6/03","TREINAMENTO EM INFORMÁTICA","P","85","III","nao","sim"
"8599-6/04","TREINAMENTO EM DESENVOLVIMENTO PROFISSIONAL E GERENCIAL","P","85","III","nao","sim"
"8599-6/05","CURSOS PREPARATÓRIOS PARA CONCURSOS","P","85","III","nao","sim"
"9001-9/01","PRODUÇÃO TEATRAL","R","90","III","nao","sim"
"9001-9/02","PRODUÇÃO MUSICAL","R","90","III","nao","sim"
"9001-9/03","PRODUÇÃO DE ESPETÁCULOS DE DANÇA","R","90","III","nao","nao"
"9001-9/04","PRODUÇÃO DE ESPETÁCULOS CIRCENSES, DE MARIONETES E SIMILARES","R","90","III","nao","nao"
"9002-7/01","ATIVIDADES DE ARTISTAS PLÁSTICOS, JORNALISTAS INDEPENDENTES E ESCRITORES","R","90","III/V","sim","nao"
"9002-7/02","RESTAURAÇÃO DE OBRAS DE ARTE","R","90","III","nao","sim"
"9102-3/02","RESTAURAÇÃO E CONSERVAÇÃO DE LUGARES E PRÉDIOS HISTÓRICOS","R","91","III","nao","nao"
"9319-1/01","PRODUÇÃO E PROMOÇÃO DE EVENTOS ESPORTIVOS","R","93","III","nao","nao"
"9329-8/03","EXPLORAÇÃO DE JOGOS DE SINUCA, BILHAR E SIMILARES","R","93","III","nao","sim"
"9329-8/04","EXPLORAÇÃO DE JOGOS ELETRÔNICOS RECREATIVOS","R","93","III","nao","sim"
"9511-8/00","REPARAÇÃO E MANUTENÇÃO DE COMPUTADORES E DE EQUIPAMENTOS PERIFÉRICOS","S","95","III","nao","sim"
"9512-6/00","REPARAÇÃO E MANUTENÇÃO DE EQUIPAMENTOS DE COMUNICAÇÃO","S","95","III","nao","sim"
"9521-5/00","REPARAÇÃO E MANUTENÇÃO DE EQUIPAMENTOS ELETROELETRÔNICOS DE USO PESSOAL E DOMÉSTICO","S","95","III","nao","sim"
"9529-1/01","REPARAÇÃO DE CALÇADOS, DE BOLSAS E ARTIGOS DE VIAGEM","S","95","III","nao","sim"
"9529-1/02","CHAVEIROS","S","95","III","nao","sim"
"9529-1/03","REPARAÇÃO DE RELÓGIOS","S","95","III","nao","sim"
"9529-1/05","REPARAÇÃO DE ARTIGOS DO MOBILIÁRIO","S","95","III","nao","sim"
"9529-1/06","REPARAÇÃO DE JÓIAS","S","95","III","nao","sim"
"9529-1/99","REPARAÇÃO E MANUTENÇÃO DE OUTROS OBJETOS E EQUIPAMENTOS PESSOAIS E DOMÉSTICOS NÃO ESPECIFICADOS ANTERIORMENTE","S","95","III","nao","sim"
"9602-5/01","CABELEIREIROS, MANICURE E PEDICURE","S","96","III","nao","sim"
"9609-2/02","AGÊNCIAS MATRIMONIAIS","S","96","III","nao","sim"